record_id,region,crop,year,season,area_planted_ha,yield_tonnes_ha,total_production_tonnes,market_price_kes_kg,total_revenue_kes,fertilizer_use_pct,smallholder_count
1,Nakuru,Maize,2019,Long Rains (Mar-Jun),2892.8,1.87,5409.5,36.8,199069600.0,42.3,2924
2,Nakuru,Maize,2019,Short Rains (Oct-Dec),3048.6,2.67,8139.8,35.0,284893000.0,53.2,7192
3,Nakuru,Maize,2020,Long Rains (Mar-Jun),1133.9,2.04,2313.2,35.8,82812560.0,40.9,1232
4,Nakuru,Maize,2020,Short Rains (Oct-Dec),2497.9,1.81,4521.2,41.4,187177680.0,74.5,6164
5,Nakuru,Maize,2021,Long Rains (Mar-Jun),3588.3,2.42,8683.7,40.4,350821480.0,38.6,3078
6,Nakuru,Maize,2021,Short Rains (Oct-Dec),1627.0,1.88,3058.8,37.9,115928520.0,76.6,1842
7,Nakuru,Maize,2022,Long Rains (Mar-Jun),3593.8,2.09,7511.0,45.2,339497200.0,83.5,5113
8,Nakuru,Maize,2022,Short Rains (Oct-Dec),2527.5,2.17,5484.7,46.1,252844670.0,77.4,2932
9,Nakuru,Maize,2023,Long Rains (Mar-Jun),3165.1,1.98,6266.9,43.6,273236840.0,45.9,6823
10,Nakuru,Maize,2023,Short Rains (Oct-Dec),1193.1,2.04,2433.9,44.2,107578380.0,65.0,1724
11,Nakuru,Tea,2019,Long Rains (Mar-Jun),1160.9,2.47,2867.4,53.2,152545680.0,81.5,1264
12,Nakuru,Tea,2020,Long Rains (Mar-Jun),1858.7,2.14,3977.6,61.9,246213440.0,39.0,2641
13,Nakuru,Tea,2021,Long Rains (Mar-Jun),2969.4,2.87,8522.2,61.7,525819740.0,67.7,2764
14,Nakuru,Tea,2022,Long Rains (Mar-Jun),2345.9,2.07,4856.0,57.4,278734400.0,47.3,3819
15,Nakuru,Tea,2023,Long Rains (Mar-Jun),696.1,3.46,2408.5,73.9,177988150.0,47.3,753
16,Nakuru,Avocado,2019,Long Rains (Mar-Jun),617.6,6.06,3742.7,81.2,303907240.0,44.6,1033
17,Nakuru,Avocado,2019,Short Rains (Oct-Dec),859.6,4.71,4048.7,83.7,338876190.0,79.4,1194
18,Nakuru,Avocado,2020,Long Rains (Mar-Jun),360.2,5.49,1977.5,85.5,169076250.0,35.0,822
19,Nakuru,Avocado,2020,Short Rains (Oct-Dec),200.1,4.81,962.5,91.4,87972500.0,53.2,443
20,Nakuru,Avocado,2021,Long Rains (Mar-Jun),597.2,6.04,3607.1,89.2,321753320.0,83.4,548
21,Nakuru,Avocado,2021,Short Rains (Oct-Dec),56.8,5.49,311.8,92.5,28841500.0,59.5,92
22,Nakuru,Avocado,2022,Long Rains (Mar-Jun),975.8,3.65,3561.7,92.8,330525760.0,55.0,838
23,Nakuru,Avocado,2022,Short Rains (Oct-Dec),1318.7,3.91,5156.1,94.3,486220230.0,39.8,1166
24,Nakuru,Avocado,2023,Long Rains (Mar-Jun),1311.0,5.02,6581.2,101.7,669308040.0,63.5,2510
25,Nakuru,Avocado,2023,Short Rains (Oct-Dec),1153.3,5.55,6400.8,105.1,672724080.0,59.2,2879
26,Nakuru,Potato,2019,Long Rains (Mar-Jun),895.5,9.98,8937.1,34.0,303861400.0,78.3,840
27,Nakuru,Potato,2019,Short Rains (Oct-Dec),853.6,10.17,8681.1,33.6,291684960.0,82.1,1821
28,Nakuru,Potato,2020,Long Rains (Mar-Jun),1303.7,9.0,11733.3,34.0,398932200.0,72.1,2593
29,Nakuru,Potato,2020,Short Rains (Oct-Dec),1276.7,11.08,14145.8,30.1,425788580.0,78.0,1728
30,Nakuru,Potato,2021,Long Rains (Mar-Jun),612.2,12.17,7450.5,35.1,261512550.0,41.1,942
31,Nakuru,Potato,2021,Short Rains (Oct-Dec),2587.8,12.7,32865.1,32.7,1074688770.0,58.5,5208
32,Nakuru,Potato,2022,Long Rains (Mar-Jun),644.7,9.59,6182.7,36.1,223195470.0,42.7,1118
33,Nakuru,Potato,2022,Short Rains (Oct-Dec),257.0,10.79,2773.0,33.0,91509000.0,79.8,236
34,Nakuru,Potato,2023,Long Rains (Mar-Jun),256.7,11.61,2980.3,38.4,114443520.0,41.8,507
35,Nakuru,Potato,2023,Short Rains (Oct-Dec),2437.4,13.34,32514.9,36.7,1193296830.0,73.2,2330
36,Nakuru,Wheat,2019,Long Rains (Mar-Jun),916.3,2.42,2217.4,45.3,100448220.0,53.3,1184
37,Nakuru,Wheat,2019,Short Rains (Oct-Dec),3101.1,3.08,9551.4,51.6,492852240.0,35.4,4294
38,Nakuru,Wheat,2020,Long Rains (Mar-Jun),1520.2,2.9,4408.6,45.0,198387000.0,40.5,2003
39,Nakuru,Wheat,2020,Short Rains (Oct-Dec),1855.2,2.31,4285.5,45.0,192847500.0,80.8,2458
40,Nakuru,Wheat,2021,Long Rains (Mar-Jun),3637.6,2.85,10367.2,44.4,460303680.0,85.0,3403
41,Nakuru,Wheat,2021,Short Rains (Oct-Dec),4074.2,3.27,13322.6,54.1,720752660.0,39.1,5166
42,Nakuru,Wheat,2022,Long Rains (Mar-Jun),1011.0,2.3,2325.3,47.3,109986690.0,50.8,850
43,Nakuru,Wheat,2022,Short Rains (Oct-Dec),1219.7,2.66,3244.4,52.5,170331000.0,53.3,1046
44,Nakuru,Wheat,2023,Long Rains (Mar-Jun),4181.4,3.09,12920.5,58.3,753265150.0,38.5,6560
45,Nakuru,Wheat,2023,Short Rains (Oct-Dec),4073.1,3.12,12708.1,55.9,710382790.0,71.1,9137
46,Nakuru,Beans,2019,Long Rains (Mar-Jun),1493.7,0.9,1344.3,105.8,142226940.0,38.7,1278
47,Nakuru,Beans,2019,Short Rains (Oct-Dec),273.9,0.79,216.4,99.6,21553440.0,67.1,465
48,Nakuru,Beans,2020,Long Rains (Mar-Jun),370.1,0.92,340.5,95.0,32347500.0,62.7,413
49,Nakuru,Beans,2020,Short Rains (Oct-Dec),1094.5,0.82,897.5,101.8,91365500.0,81.4,1942
50,Nakuru,Beans,2021,Long Rains (Mar-Jun),1813.2,0.78,1414.3,102.5,144965750.0,66.9,2833
51,Nakuru,Beans,2021,Short Rains (Oct-Dec),845.1,0.96,811.3,94.2,76424460.0,55.2,704
52,Nakuru,Beans,2022,Long Rains (Mar-Jun),2490.6,0.62,1544.2,104.1,160751220.0,44.6,2172
53,Nakuru,Beans,2022,Short Rains (Oct-Dec),2211.7,0.86,1902.1,108.4,206187640.0,38.7,2072
54,Nakuru,Beans,2023,Long Rains (Mar-Jun),1782.6,0.99,1764.8,130.7,230659360.0,66.0,4387
55,Nakuru,Beans,2023,Short Rains (Oct-Dec),2057.4,0.87,1789.9,121.5,217472850.0,81.6,4054
56,Nakuru,Tomato,2019,Long Rains (Mar-Jun),110.0,10.11,1112.1,26.0,28914600.0,45.0,124
57,Nakuru,Tomato,2019,Short Rains (Oct-Dec),579.7,10.58,6133.2,26.5,162529800.0,44.5,733
58,Nakuru,Tomato,2020,Long Rains (Mar-Jun),726.2,12.02,8728.9,24.0,209493600.0,53.3,1168
59,Nakuru,Tomato,2020,Short Rains (Oct-Dec),22.8,11.71,267.0,27.5,7342500.0,44.4,22
60,Nakuru,Tomato,2021,Long Rains (Mar-Jun),450.3,11.3,5088.4,24.4,124156960.0,34.1,406
61,Nakuru,Tomato,2021,Short Rains (Oct-Dec),725.1,11.85,8592.4,29.9,256912760.0,62.0,1398
62,Nakuru,Tomato,2022,Long Rains (Mar-Jun),119.4,9.2,1098.5,32.3,35481550.0,73.8,109
63,Nakuru,Tomato,2022,Short Rains (Oct-Dec),721.2,8.8,6346.6,27.7,175800820.0,35.7,704
64,Nakuru,Tomato,2023,Long Rains (Mar-Jun),709.6,12.13,8607.4,31.7,272854580.0,38.5,620
65,Nakuru,Tomato,2023,Short Rains (Oct-Dec),694.4,15.0,10416.0,33.1,344769600.0,78.5,1654
66,Nakuru,Cabbage,2019,Long Rains (Mar-Jun),445.1,16.79,7473.2,13.6,101635520.0,74.1,407
67,Nakuru,Cabbage,2019,Short Rains (Oct-Dec),488.7,16.32,7975.6,13.2,105277920.0,35.9,445
68,Nakuru,Cabbage,2020,Long Rains (Mar-Jun),516.9,14.08,7278.0,13.8,100436400.0,55.3,802
69,Nakuru,Cabbage,2020,Short Rains (Oct-Dec),479.7,14.11,6768.6,11.3,76485180.0,40.6,723
70,Nakuru,Cabbage,2021,Long Rains (Mar-Jun),520.2,20.72,10778.5,12.6,135809100.0,65.3,722
71,Nakuru,Cabbage,2021,Short Rains (Oct-Dec),588.9,17.71,10429.4,14.7,153312180.0,36.3,500
72,Nakuru,Cabbage,2022,Long Rains (Mar-Jun),117.0,17.7,2070.9,13.3,27542970.0,36.0,156
73,Nakuru,Cabbage,2022,Short Rains (Oct-Dec),440.4,13.83,6090.7,14.5,88315150.0,58.1,621
74,Nakuru,Cabbage,2023,Long Rains (Mar-Jun),351.0,17.05,5984.6,15.5,92761300.0,30.1,307
75,Nakuru,Cabbage,2023,Short Rains (Oct-Dec),328.6,20.56,6756.0,15.6,105393600.0,66.9,475
76,Nakuru,Pyrethrum,2019,Long Rains (Mar-Jun),75.0,0.75,56.2,216.2,12150440.0,47.3,69
77,Nakuru,Pyrethrum,2019,Short Rains (Oct-Dec),511.7,0.64,327.5,215.0,70412500.0,52.5,708
78,Nakuru,Pyrethrum,2020,Long Rains (Mar-Jun),226.7,0.52,117.9,230.0,27117000.0,81.7,240
79,Nakuru,Pyrethrum,2020,Short Rains (Oct-Dec),634.7,0.64,406.2,223.1,90623220.0,60.1,1585
80,Nakuru,Pyrethrum,2021,Long Rains (Mar-Jun),220.8,0.66,145.7,248.3,36177310.0,66.0,286
81,Nakuru,Pyrethrum,2021,Short Rains (Oct-Dec),325.1,0.6,195.1,241.9,47194690.0,79.6,313
82,Nakuru,Pyrethrum,2022,Long Rains (Mar-Jun),142.0,0.48,68.2,260.3,17752460.0,64.8,212
83,Nakuru,Pyrethrum,2022,Short Rains (Oct-Dec),578.0,0.64,369.9,270.3,99983970.0,42.4,1033
84,Nakuru,Pyrethrum,2023,Long Rains (Mar-Jun),44.4,0.66,29.3,269.0,7881700.0,76.7,96
85,Nakuru,Pyrethrum,2023,Short Rains (Oct-Dec),306.5,0.77,236.0,250.4,59094400.0,68.3,385
86,Nakuru,Sunflower,2019,Long Rains (Mar-Jun),355.3,1.4,497.4,46.9,23328060.0,71.3,349
87,Nakuru,Sunflower,2019,Short Rains (Oct-Dec),180.0,1.28,230.4,49.1,11312640.0,82.7,221
88,Nakuru,Sunflower,2020,Long Rains (Mar-Jun),108.1,1.05,113.5,60.1,6821350.0,55.1,103
89,Nakuru,Sunflower,2020,Short Rains (Oct-Dec),895.8,1.39,1245.2,56.7,70602840.0,82.3,804
90,Nakuru,Sunflower,2021,Long Rains (Mar-Jun),825.7,1.39,1147.7,57.6,66107520.0,75.7,984
91,Nakuru,Sunflower,2021,Short Rains (Oct-Dec),1188.8,1.41,1676.2,57.2,95878640.0,44.3,1988
92,Nakuru,Sunflower,2022,Long Rains (Mar-Jun),857.7,1.21,1037.8,61.6,63928480.0,64.5,1384
93,Nakuru,Sunflower,2022,Short Rains (Oct-Dec),142.9,1.0,142.9,57.9,8273910.0,47.6,171
94,Nakuru,Sunflower,2023,Long Rains (Mar-Jun),220.6,1.24,273.5,67.0,18324500.0,68.9,488
95,Nakuru,Sunflower,2023,Short Rains (Oct-Dec),564.1,1.41,795.4,62.6,49792040.0,41.4,766
96,Meru,Maize,2019,Long Rains (Mar-Jun),3638.4,2.17,7895.3,40.8,322128240.0,77.1,3593
97,Meru,Maize,2019,Short Rains (Oct-Dec),1645.4,1.68,2764.3,37.5,103661250.0,71.4,1519
98,Meru,Maize,2020,Long Rains (Mar-Jun),3823.0,1.79,6843.2,43.0,294257600.0,60.0,4331
99,Meru,Maize,2020,Short Rains (Oct-Dec),1038.0,1.64,1702.3,39.9,67921770.0,31.6,1551
100,Meru,Maize,2021,Long Rains (Mar-Jun),2780.7,1.96,5450.2,38.6,210377720.0,55.7,5538
101,Meru,Maize,2021,Short Rains (Oct-Dec),2564.6,1.65,4231.6,41.0,173495600.0,61.0,6081
102,Meru,Maize,2022,Long Rains (Mar-Jun),2642.4,1.49,3937.2,44.4,174811680.0,32.8,3757
103,Meru,Maize,2022,Short Rains (Oct-Dec),1004.3,1.62,1627.0,47.6,77445200.0,50.9,1002
104,Meru,Maize,2023,Long Rains (Mar-Jun),3361.3,1.99,6689.0,42.0,280938000.0,31.1,4042
105,Meru,Maize,2023,Short Rains (Oct-Dec),3999.6,2.07,8279.2,48.5,401541200.0,73.0,4340
106,Meru,Tea,2019,Long Rains (Mar-Jun),2967.1,4.29,12728.9,52.2,664448580.0,31.1,5685
107,Meru,Tea,2020,Long Rains (Mar-Jun),583.1,3.42,1994.2,59.5,118654900.0,42.0,607
108,Meru,Tea,2021,Long Rains (Mar-Jun),3015.1,3.06,9226.2,62.5,576637500.0,71.1,6132
109,Meru,Tea,2022,Long Rains (Mar-Jun),3214.1,3.58,11506.5,58.6,674280900.0,31.4,4948
110,Meru,Tea,2023,Long Rains (Mar-Jun),2675.2,4.52,12091.9,65.9,796856210.0,69.3,5805
111,Meru,Avocado,2019,Long Rains (Mar-Jun),1467.6,7.65,11227.1,74.0,830805400.0,72.5,1358
112,Meru,Avocado,2019,Short Rains (Oct-Dec),1283.2,6.18,7930.2,91.7,727199340.0,73.0,1893
113,Meru,Avocado,2020,Long Rains (Mar-Jun),931.6,6.07,5654.8,85.4,482919920.0,48.8,862
114,Meru,Avocado,2020,Short Rains (Oct-Dec),1736.8,5.4,9378.7,94.9,890038630.0,65.0,1633
115,Meru,Avocado,2021,Long Rains (Mar-Jun),1501.7,6.88,10331.7,93.6,967047120.0,83.1,2437
116,Meru,Avocado,2021,Short Rains (Oct-Dec),1708.0,7.17,12246.4,88.2,1080132480.0,54.0,1734
117,Meru,Avocado,2022,Long Rains (Mar-Jun),604.6,6.89,4165.7,101.9,424484830.0,34.8,546
118,Meru,Avocado,2022,Short Rains (Oct-Dec),554.5,5.96,3304.8,96.8,319904640.0,50.8,1310
119,Meru,Avocado,2023,Long Rains (Mar-Jun),1795.3,6.67,11974.7,91.5,1095685050.0,73.9,2670
120,Meru,Avocado,2023,Short Rains (Oct-Dec),1855.4,8.26,15325.6,93.0,1425280800.0,30.6,1601
121,Meru,Potato,2019,Long Rains (Mar-Jun),226.1,10.34,2337.9,30.7,71773530.0,71.7,237
122,Meru,Potato,2019,Short Rains (Oct-Dec),1313.1,9.47,12435.1,32.9,409114790.0,35.1,2274
123,Meru,Potato,2020,Long Rains (Mar-Jun),1402.1,7.71,10810.2,32.6,352412520.0,56.0,1700
124,Meru,Potato,2020,Short Rains (Oct-Dec),885.5,9.18,8128.9,30.7,249557230.0,68.7,1435
125,Meru,Potato,2021,Long Rains (Mar-Jun),547.7,7.82,4283.0,30.7,131488100.0,36.6,660
126,Meru,Potato,2021,Short Rains (Oct-Dec),1538.6,8.05,12385.7,30.9,382718130.0,56.6,1570
127,Meru,Potato,2022,Long Rains (Mar-Jun),1954.6,7.96,15558.6,33.5,521213100.0,35.5,3519
128,Meru,Potato,2022,Short Rains (Oct-Dec),501.3,6.87,3443.9,31.2,107449680.0,59.4,809
129,Meru,Potato,2023,Long Rains (Mar-Jun),1950.1,10.19,19871.5,38.7,769027050.0,36.9,1781
130,Meru,Potato,2023,Short Rains (Oct-Dec),1012.3,11.46,11601.0,37.6,436197600.0,55.8,1345
131,Meru,Wheat,2019,Long Rains (Mar-Jun),743.1,1.97,1463.9,51.1,74805290.0,56.3,702
132,Meru,Wheat,2019,Short Rains (Oct-Dec),1474.4,1.99,2934.1,47.6,139663160.0,32.9,2838
133,Meru,Wheat,2020,Long Rains (Mar-Jun),2022.4,1.95,3943.7,53.7,211776690.0,36.5,1999
134,Meru,Wheat,2020,Short Rains (Oct-Dec),2169.4,2.36,5119.8,44.8,229367040.0,58.7,2852
135,Meru,Wheat,2021,Long Rains (Mar-Jun),1616.4,2.66,4299.6,55.8,239917680.0,46.8,1802
136,Meru,Wheat,2021,Short Rains (Oct-Dec),2180.6,2.55,5560.5,55.3,307495650.0,41.4,3833
137,Meru,Wheat,2022,Long Rains (Mar-Jun),2352.2,1.72,4045.8,48.8,197435040.0,34.1,5849
138,Meru,Wheat,2022,Short Rains (Oct-Dec),1642.7,2.07,3400.4,50.3,171040120.0,42.7,1701
139,Meru,Wheat,2023,Long Rains (Mar-Jun),2496.1,2.47,6165.4,57.9,356976660.0,80.8,2422
140,Meru,Wheat,2023,Short Rains (Oct-Dec),2232.7,2.68,5983.6,61.2,366196320.0,53.4,2671
141,Meru,Beans,2019,Long Rains (Mar-Jun),1812.0,1.15,2083.8,105.1,219007380.0,33.9,3401
142,Meru,Beans,2019,Short Rains (Oct-Dec),906.9,1.09,988.5,99.0,97861500.0,45.9,1815
143,Meru,Beans,2020,Long Rains (Mar-Jun),1921.3,0.94,1806.0,112.2,202633200.0,57.5,2416
144,Meru,Beans,2020,Short Rains (Oct-Dec),302.1,0.71,214.5,99.6,21364200.0,47.7,503
145,Meru,Beans,2021,Long Rains (Mar-Jun),331.1,1.14,377.5,113.8,42959500.0,61.6,285
146,Meru,Beans,2021,Short Rains (Oct-Dec),2748.9,1.03,2831.4,99.3,281158020.0,32.2,2735
147,Meru,Beans,2022,Long Rains (Mar-Jun),1340.5,0.87,1166.2,123.3,143792460.0,40.0,1543
148,Meru,Beans,2022,Short Rains (Oct-Dec),1777.8,0.82,1457.8,100.8,146946240.0,49.1,2666
149,Meru,Beans,2023,Long Rains (Mar-Jun),1871.9,1.19,2227.6,112.0,249491200.0,68.2,2968
150,Meru,Beans,2023,Short Rains (Oct-Dec),2604.1,1.17,3046.8,118.3,360436440.0,55.0,3996
151,Meru,Tomato,2019,Long Rains (Mar-Jun),326.6,17.11,5588.1,25.0,139702500.0,58.3,274
152,Meru,Tomato,2019,Short Rains (Oct-Dec),639.6,14.65,9370.1,25.1,235189510.0,40.3,927
153,Meru,Tomato,2020,Long Rains (Mar-Jun),732.0,13.31,9742.9,28.3,275724070.0,41.2,872
154,Meru,Tomato,2020,Short Rains (Oct-Dec),892.3,12.36,11028.8,27.9,307703520.0,36.7,757
155,Meru,Tomato,2021,Long Rains (Mar-Jun),593.9,12.51,7429.7,25.4,188714380.0,60.3,705
156,Meru,Tomato,2021,Short Rains (Oct-Dec),111.2,16.72,1859.3,30.5,56708650.0,55.4,225
157,Meru,Tomato,2022,Long Rains (Mar-Jun),802.9,11.94,9586.6,31.0,297184600.0,58.0,1297
158,Meru,Tomato,2022,Short Rains (Oct-Dec),805.3,14.25,11475.5,27.6,316723800.0,60.3,1139
159,Meru,Tomato,2023,Long Rains (Mar-Jun),886.9,15.17,13454.3,33.6,452064480.0,77.5,1428
160,Meru,Tomato,2023,Short Rains (Oct-Dec),763.4,14.61,11153.3,34.0,379212200.0,57.9,722
161,Meru,Cabbage,2019,Long Rains (Mar-Jun),178.3,16.55,2950.9,12.6,37181340.0,84.9,225
162,Meru,Cabbage,2019,Short Rains (Oct-Dec),99.4,18.28,1817.0,11.8,21440600.0,60.4,119
163,Meru,Cabbage,2020,Long Rains (Mar-Jun),279.7,14.71,4114.4,11.8,48549920.0,68.4,326
164,Meru,Cabbage,2020,Short Rains (Oct-Dec),149.3,17.59,2626.2,11.4,29938680.0,71.0,154
165,Meru,Cabbage,2021,Long Rains (Mar-Jun),489.1,16.66,8148.4,13.8,112447920.0,75.1,412
166,Meru,Cabbage,2021,Short Rains (Oct-Dec),303.3,14.23,4316.0,13.3,57402800.0,62.5,276
167,Meru,Cabbage,2022,Long Rains (Mar-Jun),526.0,14.58,7669.1,14.2,108901220.0,55.1,537
168,Meru,Cabbage,2022,Short Rains (Oct-Dec),253.1,15.86,4014.2,13.0,52184600.0,55.8,215
169,Meru,Cabbage,2023,Long Rains (Mar-Jun),211.1,20.36,4298.0,15.3,65759400.0,76.8,195
170,Meru,Cabbage,2023,Short Rains (Oct-Dec),517.3,17.99,9306.2,14.1,131217420.0,69.5,513
171,Meru,Pyrethrum,2019,Long Rains (Mar-Jun),438.7,0.41,179.9,201.8,36303820.0,64.7,385
172,Meru,Pyrethrum,2019,Short Rains (Oct-Dec),498.8,0.55,274.3,221.9,60867170.0,35.4,549
173,Meru,Pyrethrum,2020,Long Rains (Mar-Jun),438.8,0.43,188.7,245.6,46344720.0,79.7,1004
174,Meru,Pyrethrum,2020,Short Rains (Oct-Dec),402.1,0.4,160.8,227.4,36565920.0,38.0,487
175,Meru,Pyrethrum,2021,Long Rains (Mar-Jun),291.6,0.54,157.5,223.9,35264250.0,34.3,265
176,Meru,Pyrethrum,2021,Short Rains (Oct-Dec),317.5,0.43,136.5,268.1,36595650.0,37.9,412
177,Meru,Pyrethrum,2022,Long Rains (Mar-Jun),141.9,0.37,52.5,228.3,11985750.0,74.3,126
178,Meru,Pyrethrum,2022,Short Rains (Oct-Dec),345.3,0.36,124.3,255.6,31771080.0,49.0,396
179,Meru,Pyrethrum,2023,Long Rains (Mar-Jun),326.7,0.51,166.6,254.1,42333060.0,76.5,584
180,Meru,Pyrethrum,2023,Short Rains (Oct-Dec),204.7,0.52,106.4,253.3,26951120.0,61.5,238
181,Meru,Sunflower,2019,Long Rains (Mar-Jun),1191.5,1.1,1310.7,59.5,77986650.0,66.2,1923
182,Meru,Sunflower,2019,Short Rains (Oct-Dec),696.5,1.29,898.5,56.5,50765250.0,32.7,786
183,Meru,Sunflower,2020,Long Rains (Mar-Jun),616.2,1.23,757.9,52.5,39789750.0,73.9,695
184,Meru,Sunflower,2020,Short Rains (Oct-Dec),448.7,1.11,498.1,57.1,28441510.0,67.3,459
185,Meru,Sunflower,2021,Long Rains (Mar-Jun),804.7,1.32,1062.2,59.4,63094680.0,79.7,877
186,Meru,Sunflower,2021,Short Rains (Oct-Dec),398.4,1.14,454.2,58.7,26661540.0,70.3,843
187,Meru,Sunflower,2022,Long Rains (Mar-Jun),382.3,1.09,416.7,56.4,23501880.0,37.3,459
188,Meru,Sunflower,2022,Short Rains (Oct-Dec),1166.9,1.01,1178.6,67.5,79555500.0,75.7,1926
189,Meru,Sunflower,2023,Long Rains (Mar-Jun),996.6,1.25,1245.8,68.7,85586460.0,71.1,1485
190,Meru,Sunflower,2023,Short Rains (Oct-Dec),173.6,1.49,258.7,58.4,15108080.0,83.2,159
191,Kisii,Maize,2019,Long Rains (Mar-Jun),3247.2,2.75,8929.8,43.4,387553320.0,74.3,4688
192,Kisii,Maize,2019,Short Rains (Oct-Dec),3525.1,1.86,6556.7,39.3,257678310.0,55.0,3757
193,Kisii,Maize,2020,Long Rains (Mar-Jun),3030.4,2.1,6363.8,43.7,278098060.0,81.7,6226
194,Kisii,Maize,2020,Short Rains (Oct-Dec),1197.4,1.65,1975.7,44.3,87523510.0,60.9,1057
195,Kisii,Maize,2021,Long Rains (Mar-Jun),1145.3,1.85,2118.8,45.4,96193520.0,80.0,1784
196,Kisii,Maize,2021,Short Rains (Oct-Dec),1926.7,1.92,3699.3,46.6,172387380.0,46.7,2426
197,Kisii,Maize,2022,Long Rains (Mar-Jun),626.3,2.21,1384.1,40.8,56471280.0,55.0,668
198,Kisii,Maize,2022,Short Rains (Oct-Dec),3326.3,2.26,7517.4,43.9,330013860.0,70.8,6352
199,Kisii,Maize,2023,Long Rains (Mar-Jun),1954.2,2.04,3986.6,46.6,185775560.0,52.4,1682
200,Kisii,Maize,2023,Short Rains (Oct-Dec),356.8,2.3,820.6,46.1,37829660.0,82.3,329
201,Kisii,Tea,2019,Long Rains (Mar-Jun),518.2,4.21,2181.6,57.0,124351200.0,83.8,754
202,Kisii,Tea,2020,Long Rains (Mar-Jun),1739.6,3.02,5253.6,53.2,279491520.0,76.6,2277
203,Kisii,Tea,2021,Long Rains (Mar-Jun),2821.4,4.02,11342.0,62.3,706606600.0,31.2,2740
204,Kisii,Tea,2022,Long Rains (Mar-Jun),1107.7,2.77,3068.3,65.9,202200970.0,33.8,1094
205,Kisii,Tea,2023,Long Rains (Mar-Jun),958.9,3.65,3500.0,73.7,257950000.0,48.1,1851
206,Kisii,Avocado,2019,Long Rains (Mar-Jun),1625.7,5.0,8128.5,89.2,725062200.0,38.0,3225
207,Kisii,Avocado,2019,Short Rains (Oct-Dec),487.1,5.43,2645.0,85.2,225354000.0,31.4,1182
208,Kisii,Avocado,2020,Long Rains (Mar-Jun),1432.1,4.92,7045.9,81.6,574945440.0,39.6,3240
209,Kisii,Avocado,2020,Short Rains (Oct-Dec),1347.5,5.55,7478.6,90.4,676065440.0,56.2,1317
210,Kisii,Avocado,2021,Long Rains (Mar-Jun),947.2,5.11,4840.2,88.6,428841720.0,82.0,2179
211,Kisii,Avocado,2021,Short Rains (Oct-Dec),1420.2,6.94,9856.2,89.0,877201800.0,55.2,1212
212,Kisii,Avocado,2022,Long Rains (Mar-Jun),154.6,5.14,794.6,92.0,73103200.0,67.7,195
213,Kisii,Avocado,2022,Short Rains (Oct-Dec),1641.8,4.3,7059.7,84.7,597956590.0,63.5,3627
214,Kisii,Avocado,2023,Long Rains (Mar-Jun),529.8,6.9,3655.6,99.6,364097760.0,47.9,443
215,Kisii,Avocado,2023,Short Rains (Oct-Dec),977.5,6.43,6285.3,100.9,634186770.0,35.5,1016
216,Kisii,Potato,2019,Long Rains (Mar-Jun),1714.4,10.07,17264.0,32.8,566259200.0,69.6,2997
217,Kisii,Potato,2019,Short Rains (Oct-Dec),936.0,8.47,7927.9,29.5,233873050.0,54.9,1277
218,Kisii,Potato,2020,Long Rains (Mar-Jun),244.5,8.12,1985.3,33.3,66110490.0,50.6,468
219,Kisii,Potato,2020,Short Rains (Oct-Dec),1850.6,6.91,12787.6,34.6,442450960.0,35.1,3877
220,Kisii,Potato,2021,Long Rains (Mar-Jun),1493.3,10.36,15470.6,33.7,521359220.0,62.3,1758
221,Kisii,Potato,2021,Short Rains (Oct-Dec),699.5,7.82,5470.1,32.0,175043200.0,66.6,699
222,Kisii,Potato,2022,Long Rains (Mar-Jun),1744.1,8.58,14964.4,39.4,589597360.0,63.0,2559
223,Kisii,Potato,2022,Short Rains (Oct-Dec),1181.2,6.98,8244.8,36.7,302584160.0,42.3,2427
224,Kisii,Potato,2023,Long Rains (Mar-Jun),1700.0,9.45,16065.0,39.3,631354500.0,61.6,1625
225,Kisii,Potato,2023,Short Rains (Oct-Dec),1699.6,11.87,20174.3,39.8,802937140.0,63.7,1859
226,Kisii,Wheat,2019,Long Rains (Mar-Jun),208.7,2.81,586.4,49.8,29202720.0,44.7,383
227,Kisii,Wheat,2019,Short Rains (Oct-Dec),2495.1,2.22,5539.1,44.3,245382130.0,30.3,2276
228,Kisii,Wheat,2020,Long Rains (Mar-Jun),2034.2,2.03,4129.4,43.8,180867720.0,64.8,4791
229,Kisii,Wheat,2020,Short Rains (Oct-Dec),2641.9,1.87,4940.4,47.0,232198800.0,48.7,3795
230,Kisii,Wheat,2021,Long Rains (Mar-Jun),2559.0,2.59,6627.8,50.6,335366680.0,34.7,5788
231,Kisii,Wheat,2021,Short Rains (Oct-Dec),652.0,2.44,1590.9,51.9,82567710.0,45.0,701
232,Kisii,Wheat,2022,Long Rains (Mar-Jun),1761.5,1.95,3434.9,50.1,172088490.0,71.5,3587
233,Kisii,Wheat,2022,Short Rains (Oct-Dec),1573.1,1.82,2863.0,55.4,158610200.0,56.8,1684
234,Kisii,Wheat,2023,Long Rains (Mar-Jun),273.5,2.41,659.1,56.7,37370970.0,30.4,426
235,Kisii,Wheat,2023,Short Rains (Oct-Dec),834.0,2.15,1793.1,52.0,93241200.0,48.0,2053
236,Kisii,Beans,2019,Long Rains (Mar-Jun),2265.3,0.94,2129.4,94.5,201228300.0,68.7,2830
237,Kisii,Beans,2019,Short Rains (Oct-Dec),2516.1,1.21,3044.5,87.2,265480400.0,77.4,5799
238,Kisii,Beans,2020,Long Rains (Mar-Jun),150.4,1.11,166.9,110.2,18392380.0,61.7,175
239,Kisii,Beans,2020,Short Rains (Oct-Dec),2156.4,0.92,1983.9,91.8,182122020.0,31.1,3268
240,Kisii,Beans,2021,Long Rains (Mar-Jun),2423.0,1.1,2665.3,113.7,303044610.0,80.6,5149
241,Kisii,Beans,2021,Short Rains (Oct-Dec),2548.4,0.94,2395.5,107.4,257276700.0,58.8,3556
242,Kisii,Beans,2022,Long Rains (Mar-Jun),997.0,0.84,837.5,107.4,89947500.0,39.2,1233
243,Kisii,Beans,2022,Short Rains (Oct-Dec),427.1,0.9,384.4,123.1,47319640.0,49.2,434
244,Kisii,Beans,2023,Long Rains (Mar-Jun),2474.2,1.28,3167.0,109.3,346153100.0,38.1,4435
245,Kisii,Beans,2023,Short Rains (Oct-Dec),1845.4,1.25,2306.8,121.3,279814840.0,39.7,1812
246,Kisii,Tomato,2019,Long Rains (Mar-Jun),405.4,13.22,5359.4,27.2,145775680.0,54.7,355
247,Kisii,Tomato,2019,Short Rains (Oct-Dec),460.3,12.65,5822.8,26.4,153721920.0,77.5,510
248,Kisii,Tomato,2020,Long Rains (Mar-Jun),137.7,8.74,1203.5,26.3,31652050.0,46.7,222
249,Kisii,Tomato,2020,Short Rains (Oct-Dec),63.8,10.59,675.6,25.4,17160240.0,54.9,143
250,Kisii,Tomato,2021,Long Rains (Mar-Jun),668.7,9.67,6466.3,30.1,194635630.0,77.0,749
251,Kisii,Tomato,2021,Short Rains (Oct-Dec),415.5,11.47,4765.8,28.0,133442400.0,73.5,372
252,Kisii,Tomato,2022,Long Rains (Mar-Jun),370.8,11.19,4149.3,30.6,126968580.0,47.7,475
253,Kisii,Tomato,2022,Short Rains (Oct-Dec),137.7,8.21,1130.5,26.6,30071300.0,79.5,204
254,Kisii,Tomato,2023,Long Rains (Mar-Jun),577.2,12.62,7284.3,28.3,206145690.0,43.6,769
255,Kisii,Tomato,2023,Short Rains (Oct-Dec),362.7,12.71,4609.9,28.2,129999180.0,50.5,579
256,Kisii,Cabbage,2019,Long Rains (Mar-Jun),277.6,18.52,5141.2,12.6,64779120.0,73.4,302
257,Kisii,Cabbage,2019,Short Rains (Oct-Dec),55.8,16.59,925.7,12.8,11848960.0,45.6,56
258,Kisii,Cabbage,2020,Long Rains (Mar-Jun),437.9,20.26,8871.9,14.0,124206600.0,48.3,505
259,Kisii,Cabbage,2020,Short Rains (Oct-Dec),104.7,16.38,1715.0,14.3,24524500.0,68.4,146
260,Kisii,Cabbage,2021,Long Rains (Mar-Jun),398.1,22.57,8985.1,12.7,114110770.0,50.7,385
261,Kisii,Cabbage,2021,Short Rains (Oct-Dec),539.2,20.51,11059.0,14.3,158143700.0,70.6,568
262,Kisii,Cabbage,2022,Long Rains (Mar-Jun),353.7,17.39,6150.8,13.9,85496120.0,49.9,512
263,Kisii,Cabbage,2022,Short Rains (Oct-Dec),129.8,14.56,1889.9,15.7,29671430.0,56.7,223
264,Kisii,Cabbage,2023,Long Rains (Mar-Jun),102.2,17.27,1765.0,16.0,28240000.0,35.6,100
265,Kisii,Cabbage,2023,Short Rains (Oct-Dec),553.4,23.98,13270.5,13.1,173843550.0,48.5,546
266,Kisii,Pyrethrum,2019,Long Rains (Mar-Jun),82.9,0.48,39.8,206.9,8234620.0,75.7,81
267,Kisii,Pyrethrum,2019,Short Rains (Oct-Dec),408.3,0.43,175.6,222.1,39000760.0,52.6,433
268,Kisii,Pyrethrum,2020,Long Rains (Mar-Jun),134.0,0.43,57.6,222.2,12798720.0,71.2,176
269,Kisii,Pyrethrum,2020,Short Rains (Oct-Dec),276.3,0.41,113.3,252.2,28574260.0,55.8,258
270,Kisii,Pyrethrum,2021,Long Rains (Mar-Jun),196.6,0.57,112.1,272.3,30524830.0,55.4,314
271,Kisii,Pyrethrum,2021,Short Rains (Oct-Dec),203.3,0.49,99.6,271.2,27011520.0,74.9,195
272,Kisii,Pyrethrum,2022,Long Rains (Mar-Jun),86.4,0.37,32.0,268.3,8585600.0,78.1,102
273,Kisii,Pyrethrum,2022,Short Rains (Oct-Dec),69.2,0.47,32.5,281.5,9148750.0,45.7,68
274,Kisii,Pyrethrum,2023,Long Rains (Mar-Jun),150.9,0.61,92.0,247.3,22751600.0,54.1,130
275,Kisii,Pyrethrum,2023,Short Rains (Oct-Dec),126.6,0.51,64.6,260.7,16841220.0,31.5,286
276,Kisii,Sunflower,2019,Long Rains (Mar-Jun),622.3,1.07,665.9,59.7,39754230.0,50.6,1472
277,Kisii,Sunflower,2019,Short Rains (Oct-Dec),1119.8,1.36,1522.9,55.2,84064080.0,73.5,2195
278,Kisii,Sunflower,2020,Long Rains (Mar-Jun),372.8,1.2,447.4,58.1,25993940.0,37.6,386
279,Kisii,Sunflower,2020,Short Rains (Oct-Dec),560.4,0.85,476.3,49.7,23672110.0,44.1,524
280,Kisii,Sunflower,2021,Long Rains (Mar-Jun),676.6,1.27,859.3,58.0,49839400.0,36.1,1073
281,Kisii,Sunflower,2021,Short Rains (Oct-Dec),389.3,0.95,369.8,56.4,20856720.0,73.7,508
282,Kisii,Sunflower,2022,Long Rains (Mar-Jun),168.6,1.16,195.6,62.7,12264120.0,30.9,207
283,Kisii,Sunflower,2022,Short Rains (Oct-Dec),320.6,0.85,272.5,60.2,16404500.0,63.8,541
284,Kisii,Sunflower,2023,Long Rains (Mar-Jun),523.2,1.34,701.1,57.5,40313250.0,83.6,1152
285,Kisii,Sunflower,2023,Short Rains (Oct-Dec),650.2,1.26,819.3,71.6,58661880.0,60.5,912
286,Trans Nzoia,Maize,2019,Long Rains (Mar-Jun),2781.1,3.1,8621.4,43.5,375030900.0,44.0,6733
287,Trans Nzoia,Maize,2019,Short Rains (Oct-Dec),4474.9,2.76,12350.7,41.2,508848840.0,64.6,4399
288,Trans Nzoia,Maize,2020,Long Rains (Mar-Jun),4191.2,2.41,10100.8,36.0,363628800.0,60.0,3988
289,Trans Nzoia,Maize,2020,Short Rains (Oct-Dec),1211.5,2.88,3489.1,40.2,140261820.0,68.2,1338
290,Trans Nzoia,Maize,2021,Long Rains (Mar-Jun),4597.2,2.35,10803.4,44.9,485072660.0,55.2,7242
291,Trans Nzoia,Maize,2021,Short Rains (Oct-Dec),513.0,2.51,1287.6,37.4,48156240.0,81.3,631
292,Trans Nzoia,Maize,2022,Long Rains (Mar-Jun),5542.1,2.48,13744.4,42.1,578639240.0,71.4,10024
293,Trans Nzoia,Maize,2022,Short Rains (Oct-Dec),2179.1,2.71,5905.4,48.8,288183520.0,48.3,4361
294,Trans Nzoia,Maize,2023,Long Rains (Mar-Jun),2237.9,3.57,7989.3,49.5,395470350.0,79.2,3155
295,Trans Nzoia,Maize,2023,Short Rains (Oct-Dec),5460.2,3.08,16817.4,46.7,785372580.0,80.8,6696
296,Trans Nzoia,Tea,2019,Long Rains (Mar-Jun),2419.4,3.05,7379.2,50.6,373387520.0,63.1,2287
297,Trans Nzoia,Tea,2020,Long Rains (Mar-Jun),1672.8,2.29,3830.7,52.6,201494820.0,66.4,2592
298,Trans Nzoia,Tea,2021,Long Rains (Mar-Jun),1839.7,2.64,4856.8,63.7,309378160.0,49.3,4240
299,Trans Nzoia,Tea,2022,Long Rains (Mar-Jun),2620.5,2.19,5738.9,72.7,417218030.0,45.1,2213
300,Trans Nzoia,Tea,2023,Long Rains (Mar-Jun),2847.9,2.44,6948.9,69.9,485728110.0,50.0,2736
301,Trans Nzoia,Avocado,2019,Long Rains (Mar-Jun),1031.9,6.14,6335.9,74.9,474558910.0,63.4,1006
302,Trans Nzoia,Avocado,2019,Short Rains (Oct-Dec),90.8,4.3,390.4,87.6,34199040.0,50.1,128
303,Trans Nzoia,Avocado,2020,Long Rains (Mar-Jun),868.2,4.77,4141.3,89.0,368575700.0,82.2,1244
304,Trans Nzoia,Avocado,2020,Short Rains (Oct-Dec),1154.1,4.71,5435.8,85.9,466935220.0,51.9,1254
305,Trans Nzoia,Avocado,2021,Long Rains (Mar-Jun),404.4,4.26,1722.7,93.7,161416990.0,57.4,569
306,Trans Nzoia,Avocado,2021,Short Rains (Oct-Dec),860.0,4.56,3921.6,83.4,327061440.0,54.5,718
307,Trans Nzoia,Avocado,2022,Long Rains (Mar-Jun),456.9,5.04,2302.8,94.1,216693480.0,36.7,422
308,Trans Nzoia,Avocado,2022,Short Rains (Oct-Dec),700.0,5.0,3500.0,93.0,325500000.0,34.8,740
309,Trans Nzoia,Avocado,2023,Long Rains (Mar-Jun),1274.5,5.07,6461.7,94.7,611922990.0,33.6,1528
310,Trans Nzoia,Avocado,2023,Short Rains (Oct-Dec),1341.3,6.23,8356.3,103.5,864877050.0,81.0,1473
311,Trans Nzoia,Potato,2019,Long Rains (Mar-Jun),1599.8,9.53,15246.1,27.9,425366190.0,41.1,3130
312,Trans Nzoia,Potato,2019,Short Rains (Oct-Dec),1593.3,7.7,12268.4,31.2,382774080.0,50.3,1527
313,Trans Nzoia,Potato,2020,Long Rains (Mar-Jun),1130.2,8.73,9866.6,28.8,284158080.0,47.0,942
314,Trans Nzoia,Potato,2020,Short Rains (Oct-Dec),1454.6,8.45,12291.4,34.1,419136740.0,75.3,3169
315,Trans Nzoia,Potato,2021,Long Rains (Mar-Jun),1946.4,9.74,18957.9,32.8,621819120.0,67.4,2880
316,Trans Nzoia,Potato,2021,Short Rains (Oct-Dec),1763.2,10.25,18072.8,34.3,619897040.0,40.0,1503
317,Trans Nzoia,Potato,2022,Long Rains (Mar-Jun),899.3,9.18,8255.6,31.5,260051400.0,36.8,1721
318,Trans Nzoia,Potato,2022,Short Rains (Oct-Dec),379.4,7.33,2781.0,37.2,103453200.0,49.0,329
319,Trans Nzoia,Potato,2023,Long Rains (Mar-Jun),1796.2,11.36,20404.8,34.7,708046560.0,64.9,2136
320,Trans Nzoia,Potato,2023,Short Rains (Oct-Dec),302.8,9.19,2782.7,37.2,103516440.0,57.6,566
321,Trans Nzoia,Wheat,2019,Long Rains (Mar-Jun),4293.4,2.69,11549.2,47.9,553206680.0,69.6,4856
322,Trans Nzoia,Wheat,2019,Short Rains (Oct-Dec),3858.1,3.2,12345.9,49.8,614825820.0,31.6,8841
323,Trans Nzoia,Wheat,2020,Long Rains (Mar-Jun),2974.5,2.83,8417.8,49.7,418364660.0,72.2,4056
324,Trans Nzoia,Wheat,2020,Short Rains (Oct-Dec),2963.7,2.74,8120.5,49.5,401964750.0,45.9,2543
325,Trans Nzoia,Wheat,2021,Long Rains (Mar-Jun),2278.1,3.4,7745.5,52.1,403540550.0,46.4,4969
326,Trans Nzoia,Wheat,2021,Short Rains (Oct-Dec),419.3,2.95,1236.9,49.6,61350240.0,41.2,473
327,Trans Nzoia,Wheat,2022,Long Rains (Mar-Jun),1529.5,2.82,4313.2,56.1,241970520.0,77.3,1295
328,Trans Nzoia,Wheat,2022,Short Rains (Oct-Dec),730.6,2.46,1797.3,53.8,96694740.0,47.6,944
329,Trans Nzoia,Wheat,2023,Long Rains (Mar-Jun),1331.3,2.95,3927.3,49.9,195972270.0,46.0,1882
330,Trans Nzoia,Wheat,2023,Short Rains (Oct-Dec),2860.0,2.95,8437.0,60.3,508751100.0,38.8,4320
331,Trans Nzoia,Beans,2019,Long Rains (Mar-Jun),1625.8,0.92,1495.7,103.6,154954520.0,57.4,2002
332,Trans Nzoia,Beans,2019,Short Rains (Oct-Dec),1415.7,0.91,1288.3,86.1,110922630.0,82.0,1760
333,Trans Nzoia,Beans,2020,Long Rains (Mar-Jun),2661.3,0.77,2049.2,97.6,200001920.0,32.8,3343
334,Trans Nzoia,Beans,2020,Short Rains (Oct-Dec),2436.8,0.92,2241.9,100.5,225310950.0,59.5,2261
335,Trans Nzoia,Beans,2021,Long Rains (Mar-Jun),1235.1,1.11,1371.0,111.0,152181000.0,72.0,1782
336,Trans Nzoia,Beans,2021,Short Rains (Oct-Dec),1154.3,0.99,1142.8,97.3,111194440.0,60.4,2515
337,Trans Nzoia,Beans,2022,Long Rains (Mar-Jun),1430.3,0.91,1301.6,106.0,137969600.0,84.4,1514
338,Trans Nzoia,Beans,2022,Short Rains (Oct-Dec),404.3,0.98,396.2,109.1,43225420.0,73.7,602
339,Trans Nzoia,Beans,2023,Long Rains (Mar-Jun),2587.5,1.15,2975.6,108.3,322257480.0,58.0,3234
340,Trans Nzoia,Beans,2023,Short Rains (Oct-Dec),208.6,0.89,185.7,112.1,20816970.0,56.1,272
341,Trans Nzoia,Tomato,2019,Long Rains (Mar-Jun),492.9,12.07,5949.3,24.5,145757850.0,63.7,929
342,Trans Nzoia,Tomato,2019,Short Rains (Oct-Dec),792.7,13.15,10424.0,24.4,254345600.0,48.5,745
343,Trans Nzoia,Tomato,2020,Long Rains (Mar-Jun),435.2,11.44,4978.7,25.3,125961110.0,74.9,626
344,Trans Nzoia,Tomato,2020,Short Rains (Oct-Dec),545.6,12.59,6869.1,27.2,186839520.0,73.8,556
345,Trans Nzoia,Tomato,2021,Long Rains (Mar-Jun),556.7,9.44,5255.2,27.5,144518000.0,83.2,542
346,Trans Nzoia,Tomato,2021,Short Rains (Oct-Dec),625.4,12.0,7504.8,29.2,219140160.0,62.1,1165
347,Trans Nzoia,Tomato,2022,Long Rains (Mar-Jun),510.6,10.44,5330.7,31.9,170049330.0,38.1,540
348,Trans Nzoia,Tomato,2022,Short Rains (Oct-Dec),44.6,11.75,524.1,26.7,13993470.0,31.0,68
349,Trans Nzoia,Tomato,2023,Long Rains (Mar-Jun),138.1,13.56,1872.6,30.1,56365260.0,72.6,121
350,Trans Nzoia,Tomato,2023,Short Rains (Oct-Dec),700.8,13.79,9664.0,27.5,265760000.0,37.6,1238
351,Trans Nzoia,Cabbage,2019,Long Rains (Mar-Jun),203.1,19.17,3893.4,12.4,48278160.0,47.3,377
352,Trans Nzoia,Cabbage,2019,Short Rains (Oct-Dec),548.3,16.86,9244.3,11.9,110007170.0,72.5,561
353,Trans Nzoia,Cabbage,2020,Long Rains (Mar-Jun),390.3,17.06,6658.5,13.1,87226350.0,40.6,653
354,Trans Nzoia,Cabbage,2020,Short Rains (Oct-Dec),340.2,14.1,4796.8,14.3,68594240.0,46.4,538
355,Trans Nzoia,Cabbage,2021,Long Rains (Mar-Jun),133.9,18.89,2529.4,12.7,32123380.0,49.2,116
356,Trans Nzoia,Cabbage,2021,Short Rains (Oct-Dec),479.7,15.88,7617.6,12.1,92172960.0,67.2,681
357,Trans Nzoia,Cabbage,2022,Long Rains (Mar-Jun),588.3,16.84,9907.0,15.7,155539900.0,74.3,930
358,Trans Nzoia,Cabbage,2022,Short Rains (Oct-Dec),181.1,16.22,2937.4,13.6,39948640.0,54.3,299
359,Trans Nzoia,Cabbage,2023,Long Rains (Mar-Jun),293.7,16.65,4890.1,14.9,72862490.0,81.3,306
360,Trans Nzoia,Cabbage,2023,Short Rains (Oct-Dec),92.7,19.77,1832.7,15.1,27673770.0,43.3,99
361,Trans Nzoia,Pyrethrum,2019,Long Rains (Mar-Jun),274.9,0.53,145.7,200.9,29271130.0,52.7,282
362,Trans Nzoia,Pyrethrum,2019,Short Rains (Oct-Dec),68.3,0.55,37.6,198.3,7456080.0,60.3,59
363,Trans Nzoia,Pyrethrum,2020,Long Rains (Mar-Jun),215.3,0.52,112.0,256.2,28694400.0,56.3,384
364,Trans Nzoia,Pyrethrum,2020,Short Rains (Oct-Dec),482.7,0.41,197.9,242.9,48069910.0,79.9,1023
365,Trans Nzoia,Pyrethrum,2021,Long Rains (Mar-Jun),295.6,0.49,144.8,256.8,37184640.0,81.5,261
366,Trans Nzoia,Pyrethrum,2021,Short Rains (Oct-Dec),104.0,0.56,58.2,224.3,13054260.0,80.6,86
367,Trans Nzoia,Pyrethrum,2022,Long Rains (Mar-Jun),210.6,0.41,86.3,286.9,24759470.0,82.9,184
368,Trans Nzoia,Pyrethrum,2022,Short Rains (Oct-Dec),440.8,0.33,145.5,263.6,38353800.0,35.9,371
369,Trans Nzoia,Pyrethrum,2023,Long Rains (Mar-Jun),156.6,0.63,98.7,273.5,26994450.0,57.2,136
370,Trans Nzoia,Pyrethrum,2023,Short Rains (Oct-Dec),428.5,0.52,222.8,250.3,55766840.0,36.2,808
371,Trans Nzoia,Sunflower,2019,Long Rains (Mar-Jun),572.3,1.08,618.1,49.2,30410520.0,70.5,554
372,Trans Nzoia,Sunflower,2019,Short Rains (Oct-Dec),698.6,1.32,922.2,49.1,45280020.0,77.1,625
373,Trans Nzoia,Sunflower,2020,Long Rains (Mar-Jun),999.3,1.06,1059.3,49.8,52753140.0,66.8,1824
374,Trans Nzoia,Sunflower,2020,Short Rains (Oct-Dec),203.1,0.98,199.0,52.0,10348000.0,44.3,345
375,Trans Nzoia,Sunflower,2021,Long Rains (Mar-Jun),914.4,1.38,1261.9,54.8,69152120.0,69.8,2234
376,Trans Nzoia,Sunflower,2021,Short Rains (Oct-Dec),798.3,1.25,997.9,51.4,51292060.0,36.5,1236
377,Trans Nzoia,Sunflower,2022,Long Rains (Mar-Jun),510.3,1.0,510.3,67.2,34292160.0,68.7,786
378,Trans Nzoia,Sunflower,2022,Short Rains (Oct-Dec),176.2,1.16,204.4,58.2,11896080.0,63.8,306
379,Trans Nzoia,Sunflower,2023,Long Rains (Mar-Jun),194.9,1.09,212.4,67.8,14400720.0,63.3,266
380,Trans Nzoia,Sunflower,2023,Short Rains (Oct-Dec),677.1,1.25,846.4,64.5,54592800.0,66.5,1178
381,Uasin Gishu,Maize,2019,Long Rains (Mar-Jun),1482.5,3.01,4462.3,42.5,189647750.0,34.5,1957
382,Uasin Gishu,Maize,2019,Short Rains (Oct-Dec),3736.6,2.27,8482.1,39.6,335891160.0,33.4,4458
383,Uasin Gishu,Maize,2020,Long Rains (Mar-Jun),2757.1,2.47,6810.0,37.0,251970000.0,48.0,3377
384,Uasin Gishu,Maize,2020,Short Rains (Oct-Dec),834.2,2.12,1768.5,41.3,73039050.0,35.0,1032
385,Uasin Gishu,Maize,2021,Long Rains (Mar-Jun),4254.9,2.6,11062.7,42.2,466845940.0,55.1,9536
386,Uasin Gishu,Maize,2021,Short Rains (Oct-Dec),2544.1,2.97,7556.0,44.4,335486400.0,51.8,2415
387,Uasin Gishu,Maize,2022,Long Rains (Mar-Jun),3944.3,2.34,9229.7,39.8,367342060.0,48.9,8745
388,Uasin Gishu,Maize,2022,Short Rains (Oct-Dec),5171.0,2.66,13754.9,40.1,551571490.0,81.4,12155
389,Uasin Gishu,Maize,2023,Long Rains (Mar-Jun),2279.8,3.17,7227.0,49.8,359904600.0,83.8,2486
390,Uasin Gishu,Maize,2023,Short Rains (Oct-Dec),2336.6,3.43,8014.5,45.4,363858300.0,77.8,2076
391,Uasin Gishu,Tea,2019,Long Rains (Mar-Jun),1176.9,3.0,3530.7,58.6,206899020.0,59.7,1275
392,Uasin Gishu,Tea,2020,Long Rains (Mar-Jun),1095.5,2.15,2355.3,59.2,139433760.0,59.1,1115
393,Uasin Gishu,Tea,2021,Long Rains (Mar-Jun),730.3,2.18,1592.1,53.8,85654980.0,46.4,777
394,Uasin Gishu,Tea,2022,Long Rains (Mar-Jun),1669.8,2.35,3924.0,69.9,274287600.0,43.6,2466
395,Uasin Gishu,Tea,2023,Long Rains (Mar-Jun),884.9,3.45,3052.9,71.4,217977060.0,36.2,844
396,Uasin Gishu,Avocado,2019,Long Rains (Mar-Jun),652.1,5.75,3749.6,89.7,336339120.0,30.9,1154
397,Uasin Gishu,Avocado,2019,Short Rains (Oct-Dec),187.3,4.23,792.3,84.0,66553200.0,68.7,426
398,Uasin Gishu,Avocado,2020,Long Rains (Mar-Jun),1121.2,4.4,4933.3,79.8,393677340.0,41.9,1027
399,Uasin Gishu,Avocado,2020,Short Rains (Oct-Dec),122.4,4.58,560.6,80.9,45352540.0,74.9,124
400,Uasin Gishu,Avocado,2021,Long Rains (Mar-Jun),505.6,5.24,2649.3,92.3,244530390.0,47.6,788
401,Uasin Gishu,Avocado,2021,Short Rains (Oct-Dec),249.2,5.37,1338.2,82.5,110401500.0,46.5,555
402,Uasin Gishu,Avocado,2022,Long Rains (Mar-Jun),1424.8,4.97,7081.3,103.8,735038940.0,64.4,1920
403,Uasin Gishu,Avocado,2022,Short Rains (Oct-Dec),763.6,5.13,3917.3,104.5,409357850.0,66.9,742
404,Uasin Gishu,Avocado,2023,Long Rains (Mar-Jun),505.4,5.28,2668.5,90.0,240165000.0,50.7,503
405,Uasin Gishu,Avocado,2023,Short Rains (Oct-Dec),731.3,6.22,4548.7,93.6,425758320.0,68.9,700
406,Uasin Gishu,Potato,2019,Long Rains (Mar-Jun),2018.1,10.71,21613.9,34.3,741356770.0,60.7,3978
407,Uasin Gishu,Potato,2019,Short Rains (Oct-Dec),584.3,9.21,5381.4,31.9,171666660.0,80.7,542
408,Uasin Gishu,Potato,2020,Long Rains (Mar-Jun),263.3,10.02,2638.3,29.6,78093680.0,44.8,280
409,Uasin Gishu,Potato,2020,Short Rains (Oct-Dec),1352.6,10.57,14297.0,29.5,421761500.0,71.9,1380
410,Uasin Gishu,Potato,2021,Long Rains (Mar-Jun),1258.6,10.05,12648.9,36.2,457890180.0,48.3,1079
411,Uasin Gishu,Potato,2021,Short Rains (Oct-Dec),98.7,11.91,1175.5,37.0,43493500.0,36.5,82
412,Uasin Gishu,Potato,2022,Long Rains (Mar-Jun),1088.0,7.78,8464.6,36.3,307264980.0,41.2,961
413,Uasin Gishu,Potato,2022,Short Rains (Oct-Dec),1244.1,9.63,11980.7,34.3,410938010.0,59.4,1809
414,Uasin Gishu,Potato,2023,Long Rains (Mar-Jun),624.2,11.03,6884.9,36.9,254052810.0,35.4,526
415,Uasin Gishu,Potato,2023,Short Rains (Oct-Dec),1067.9,12.46,13306.0,40.6,540223600.0,50.4,1460
416,Uasin Gishu,Wheat,2019,Long Rains (Mar-Jun),2829.9,2.99,8461.4,42.1,356224940.0,44.3,2465
417,Uasin Gishu,Wheat,2019,Short Rains (Oct-Dec),2908.5,3.25,9452.6,42.2,398899720.0,48.1,4132
418,Uasin Gishu,Wheat,2020,Long Rains (Mar-Jun),4111.5,2.96,12170.0,49.8,606066000.0,67.7,6786
419,Uasin Gishu,Wheat,2020,Short Rains (Oct-Dec),4055.8,3.51,14235.9,49.6,706100640.0,57.0,7586
420,Uasin Gishu,Wheat,2021,Long Rains (Mar-Jun),3929.8,2.83,11121.3,52.5,583868250.0,56.9,3466
421,Uasin Gishu,Wheat,2021,Short Rains (Oct-Dec),2733.4,3.44,9402.9,44.5,418429050.0,31.9,2537
422,Uasin Gishu,Wheat,2022,Long Rains (Mar-Jun),4640.6,2.98,13829.0,56.5,781338500.0,52.7,4320
423,Uasin Gishu,Wheat,2022,Short Rains (Oct-Dec),1263.1,3.02,3814.6,46.7,178141820.0,57.8,1808
424,Uasin Gishu,Wheat,2023,Long Rains (Mar-Jun),3091.6,3.76,11624.4,56.9,661428360.0,56.6,3912
425,Uasin Gishu,Wheat,2023,Short Rains (Oct-Dec),199.3,3.6,717.5,48.8,35014000.0,59.1,321
426,Uasin Gishu,Beans,2019,Long Rains (Mar-Jun),2445.5,0.73,1785.2,104.8,187088960.0,67.1,2340
427,Uasin Gishu,Beans,2019,Short Rains (Oct-Dec),2281.7,0.76,1734.1,87.8,152253980.0,38.2,4121
428,Uasin Gishu,Beans,2020,Long Rains (Mar-Jun),1354.0,0.89,1205.1,95.5,115087050.0,51.8,1938
429,Uasin Gishu,Beans,2020,Short Rains (Oct-Dec),1062.6,0.81,860.7,113.4,97603380.0,42.4,1121
430,Uasin Gishu,Beans,2021,Long Rains (Mar-Jun),2131.8,0.93,1982.6,114.4,226809440.0,71.8,4489
431,Uasin Gishu,Beans,2021,Short Rains (Oct-Dec),997.8,0.89,888.0,93.8,83294400.0,30.5,1857
432,Uasin Gishu,Beans,2022,Long Rains (Mar-Jun),1289.7,0.73,941.5,119.7,112697550.0,61.1,1187
433,Uasin Gishu,Beans,2022,Short Rains (Oct-Dec),310.8,0.76,236.2,99.5,23501900.0,41.6,283
434,Uasin Gishu,Beans,2023,Long Rains (Mar-Jun),2227.9,0.94,2094.2,103.9,217587380.0,34.1,1953
435,Uasin Gishu,Beans,2023,Short Rains (Oct-Dec),2256.3,0.97,2188.6,103.5,226520100.0,81.1,3462
436,Uasin Gishu,Tomato,2019,Long Rains (Mar-Jun),769.9,12.42,9562.2,27.2,260091840.0,69.2,1071
437,Uasin Gishu,Tomato,2019,Short Rains (Oct-Dec),80.0,10.38,830.4,24.0,19929600.0,75.9,112
438,Uasin Gishu,Tomato,2020,Long Rains (Mar-Jun),719.3,9.85,7085.1,28.3,200508330.0,37.7,604
439,Uasin Gishu,Tomato,2020,Short Rains (Oct-Dec),584.8,10.56,6175.5,29.7,183412350.0,33.0,780
440,Uasin Gishu,Tomato,2021,Long Rains (Mar-Jun),674.2,10.9,7348.8,29.5,216789600.0,82.5,939
441,Uasin Gishu,Tomato,2021,Short Rains (Oct-Dec),623.4,9.45,5891.1,26.1,153757710.0,84.6,786
442,Uasin Gishu,Tomato,2022,Long Rains (Mar-Jun),297.5,11.72,3486.7,29.0,101114300.0,67.4,320
443,Uasin Gishu,Tomato,2022,Short Rains (Oct-Dec),86.8,10.43,905.3,31.6,28607480.0,69.2,186
444,Uasin Gishu,Tomato,2023,Long Rains (Mar-Jun),140.3,13.67,1917.9,31.8,60989220.0,70.7,214
445,Uasin Gishu,Tomato,2023,Short Rains (Oct-Dec),103.1,10.11,1042.3,29.3,30539390.0,49.8,167
446,Uasin Gishu,Cabbage,2019,Long Rains (Mar-Jun),89.9,15.75,1415.9,12.1,17132390.0,60.5,123
447,Uasin Gishu,Cabbage,2019,Short Rains (Oct-Dec),27.4,16.95,464.4,11.1,5154840.0,62.9,41
448,Uasin Gishu,Cabbage,2020,Long Rains (Mar-Jun),238.5,14.52,3463.0,12.4,42941200.0,34.7,212
449,Uasin Gishu,Cabbage,2020,Short Rains (Oct-Dec),544.3,18.87,10270.9,13.0,133521700.0,39.3,772
450,Uasin Gishu,Cabbage,2021,Long Rains (Mar-Jun),93.6,16.07,1504.2,13.3,20005860.0,33.5,125
451,Uasin Gishu,Cabbage,2021,Short Rains (Oct-Dec),259.6,17.35,4504.1,11.9,53598790.0,43.8,434
452,Uasin Gishu,Cabbage,2022,Long Rains (Mar-Jun),379.5,15.5,5882.2,13.1,77056820.0,35.9,589
453,Uasin Gishu,Cabbage,2022,Short Rains (Oct-Dec),569.9,13.94,7944.4,14.6,115988240.0,74.2,858
454,Uasin Gishu,Cabbage,2023,Long Rains (Mar-Jun),208.8,21.28,4443.3,16.1,71537130.0,83.6,410
455,Uasin Gishu,Cabbage,2023,Short Rains (Oct-Dec),200.6,22.28,4469.4,13.7,61230780.0,47.3,171
456,Uasin Gishu,Pyrethrum,2019,Long Rains (Mar-Jun),485.0,0.46,223.1,236.2,52696220.0,57.0,563
457,Uasin Gishu,Pyrethrum,2019,Short Rains (Oct-Dec),136.4,0.48,65.5,242.9,15909950.0,51.6,277
458,Uasin Gishu,Pyrethrum,2020,Long Rains (Mar-Jun),290.6,0.46,133.7,237.1,31700270.0,67.5,345
459,Uasin Gishu,Pyrethrum,2020,Short Rains (Oct-Dec),477.4,0.43,205.3,246.4,50585920.0,54.1,754
460,Uasin Gishu,Pyrethrum,2021,Long Rains (Mar-Jun),352.6,0.55,193.9,261.1,50627290.0,52.5,441
461,Uasin Gishu,Pyrethrum,2021,Short Rains (Oct-Dec),324.0,0.43,139.3,253.0,35242900.0,69.3,314
462,Uasin Gishu,Pyrethrum,2022,Long Rains (Mar-Jun),55.5,0.5,27.8,258.0,7172400.0,52.0,68
463,Uasin Gishu,Pyrethrum,2022,Short Rains (Oct-Dec),461.8,0.45,207.8,262.1,54464380.0,73.5,671
464,Uasin Gishu,Pyrethrum,2023,Long Rains (Mar-Jun),449.8,0.53,238.4,279.7,66680480.0,34.7,443
465,Uasin Gishu,Pyrethrum,2023,Short Rains (Oct-Dec),335.6,0.49,164.4,280.3,46081320.0,32.4,282
466,Uasin Gishu,Sunflower,2019,Long Rains (Mar-Jun),991.0,1.38,1367.6,56.6,77406160.0,83.1,1331
467,Uasin Gishu,Sunflower,2019,Short Rains (Oct-Dec),62.7,1.3,81.5,53.4,4352100.0,58.5,72
468,Uasin Gishu,Sunflower,2020,Long Rains (Mar-Jun),848.7,1.24,1052.4,54.0,56829600.0,72.5,974
469,Uasin Gishu,Sunflower,2020,Short Rains (Oct-Dec),744.6,1.19,886.1,49.0,43418900.0,35.8,1016
470,Uasin Gishu,Sunflower,2021,Long Rains (Mar-Jun),1386.7,1.18,1636.3,63.8,104395940.0,37.8,2134
471,Uasin Gishu,Sunflower,2021,Short Rains (Oct-Dec),681.8,1.23,838.6,57.3,48051780.0,56.2,908
472,Uasin Gishu,Sunflower,2022,Long Rains (Mar-Jun),1017.9,1.11,1129.9,58.3,65873170.0,74.6,2068
473,Uasin Gishu,Sunflower,2022,Short Rains (Oct-Dec),1230.1,1.27,1562.2,63.9,99824580.0,39.0,1036
474,Uasin Gishu,Sunflower,2023,Long Rains (Mar-Jun),387.5,1.32,511.5,58.7,30025050.0,60.8,332
475,Uasin Gishu,Sunflower,2023,Short Rains (Oct-Dec),370.7,1.45,537.5,59.0,31712500.0,65.2,497
476,Kakamega,Maize,2019,Long Rains (Mar-Jun),373.1,2.64,985.0,36.1,35558500.0,62.6,524
477,Kakamega,Maize,2019,Short Rains (Oct-Dec),3453.6,2.22,7667.0,41.3,316647100.0,74.5,7673
478,Kakamega,Maize,2020,Long Rains (Mar-Jun),704.0,2.55,1795.2,37.4,67140480.0,47.9,919
479,Kakamega,Maize,2020,Short Rains (Oct-Dec),1436.3,2.54,3648.2,40.8,148846560.0,65.2,1636
480,Kakamega,Maize,2021,Long Rains (Mar-Jun),3027.6,2.53,7659.8,40.5,310221900.0,76.5,3386
481,Kakamega,Maize,2021,Short Rains (Oct-Dec),3950.6,2.65,10469.1,40.0,418764000.0,63.8,8445
482,Kakamega,Maize,2022,Long Rains (Mar-Jun),850.8,1.77,1505.9,42.7,64301930.0,40.1,891
483,Kakamega,Maize,2022,Short Rains (Oct-Dec),2569.4,2.02,5190.2,40.8,211760160.0,51.1,4683
484,Kakamega,Maize,2023,Long Rains (Mar-Jun),3137.9,2.85,8943.0,48.4,432841200.0,85.0,3718
485,Kakamega,Maize,2023,Short Rains (Oct-Dec),2472.8,2.27,5613.3,44.6,250353180.0,54.8,5583
486,Kakamega,Tea,2019,Long Rains (Mar-Jun),1241.2,2.48,3078.2,51.4,158219480.0,74.8,1059
487,Kakamega,Tea,2020,Long Rains (Mar-Jun),1711.5,2.7,4621.1,61.3,283273430.0,52.9,1596
488,Kakamega,Tea,2021,Long Rains (Mar-Jun),1657.7,2.49,4127.7,53.9,222483030.0,71.9,2616
489,Kakamega,Tea,2022,Long Rains (Mar-Jun),970.8,2.59,2514.4,59.6,149858240.0,55.2,976
490,Kakamega,Tea,2023,Long Rains (Mar-Jun),2548.1,3.3,8408.7,61.3,515453310.0,36.3,2497
491,Kakamega,Avocado,2019,Long Rains (Mar-Jun),1242.0,4.92,6110.6,88.5,540788100.0,32.3,1273
492,Kakamega,Avocado,2019,Short Rains (Oct-Dec),837.7,6.22,5210.5,74.0,385577000.0,75.7,836
493,Kakamega,Avocado,2020,Long Rains (Mar-Jun),474.7,5.49,2606.1,84.2,219433620.0,49.2,450
494,Kakamega,Avocado,2020,Short Rains (Oct-Dec),681.0,5.48,3731.9,91.0,339602900.0,43.0,649
495,Kakamega,Avocado,2021,Long Rains (Mar-Jun),898.4,4.74,4258.4,93.1,396457040.0,64.8,1686
496,Kakamega,Avocado,2021,Short Rains (Oct-Dec),243.3,4.45,1082.7,82.2,88997940.0,33.3,357
497,Kakamega,Avocado,2022,Long Rains (Mar-Jun),450.4,4.38,1972.8,90.2,177946560.0,68.7,713
498,Kakamega,Avocado,2022,Short Rains (Oct-Dec),430.3,4.93,2121.4,105.5,223807700.0,67.4,903
499,Kakamega,Avocado,2023,Long Rains (Mar-Jun),1445.6,6.08,8789.2,108.5,953628200.0,84.6,1321
500,Kakamega,Avocado,2023,Short Rains (Oct-Dec),225.3,6.26,1410.4,92.4,130320960.0,69.1,211
501,Kakamega,Potato,2019,Long Rains (Mar-Jun),1537.3,10.17,15634.3,30.7,479973010.0,61.8,2499
502,Kakamega,Potato,2019,Short Rains (Oct-Dec),863.6,9.32,8048.8,31.8,255951840.0,78.4,1820
503,Kakamega,Potato,2020,Long Rains (Mar-Jun),1060.3,7.62,8079.5,35.4,286014300.0,50.3,913
504,Kakamega,Potato,2020,Short Rains (Oct-Dec),694.9,6.7,4655.8,34.1,158762780.0,70.3,705
505,Kakamega,Potato,2021,Long Rains (Mar-Jun),949.4,9.82,9323.1,32.1,299271510.0,33.5,1147
506,Kakamega,Potato,2021,Short Rains (Oct-Dec),482.6,8.96,4324.1,30.9,133614690.0,44.8,454
507,Kakamega,Potato,2022,Long Rains (Mar-Jun),715.2,8.13,5814.6,35.9,208744140.0,56.7,1059
508,Kakamega,Potato,2022,Short Rains (Oct-Dec),1384.2,6.46,8941.9,31.9,285246610.0,73.1,1803
509,Kakamega,Potato,2023,Long Rains (Mar-Jun),301.0,11.4,3431.4,36.4,124902960.0,30.0,258
510,Kakamega,Potato,2023,Short Rains (Oct-Dec),452.5,10.73,4855.3,33.6,163138080.0,65.7,858
511,Kakamega,Wheat,2019,Long Rains (Mar-Jun),3272.6,2.18,7134.3,47.9,341732970.0,43.8,4692
512,Kakamega,Wheat,2019,Short Rains (Oct-Dec),3174.8,2.08,6603.6,45.0,297162000.0,46.8,3308
513,Kakamega,Wheat,2020,Long Rains (Mar-Jun),911.4,2.24,2041.5,50.4,102891600.0,30.1,1166
514,Kakamega,Wheat,2020,Short Rains (Oct-Dec),568.5,1.88,1068.8,50.1,53546880.0,30.5,594
515,Kakamega,Wheat,2021,Long Rains (Mar-Jun),2881.8,2.78,8011.4,48.9,391757460.0,37.3,6310
516,Kakamega,Wheat,2021,Short Rains (Oct-Dec),1414.8,2.54,3593.6,45.0,161712000.0,47.2,1280
517,Kakamega,Wheat,2022,Long Rains (Mar-Jun),583.5,2.21,1289.5,56.3,72598850.0,37.3,488
518,Kakamega,Wheat,2022,Short Rains (Oct-Dec),602.8,2.02,1217.7,46.7,56866590.0,65.8,801
519,Kakamega,Wheat,2023,Long Rains (Mar-Jun),2561.8,2.65,6788.8,50.6,343513280.0,52.6,2698
520,Kakamega,Wheat,2023,Short Rains (Oct-Dec),3026.7,2.1,6356.1,50.0,317805000.0,71.4,3472
521,Kakamega,Beans,2019,Long Rains (Mar-Jun),1312.2,1.39,1824.0,93.0,169632000.0,37.7,2111
522,Kakamega,Beans,2019,Short Rains (Oct-Dec),369.0,1.19,439.1,99.8,43822180.0,63.4,360
523,Kakamega,Beans,2020,Long Rains (Mar-Jun),2276.2,1.17,2663.2,105.2,280168640.0,46.6,2795
524,Kakamega,Beans,2020,Short Rains (Oct-Dec),1707.0,1.13,1928.9,96.2,185560180.0,33.0,1526
525,Kakamega,Beans,2021,Long Rains (Mar-Jun),3107.4,1.13,3511.4,95.2,334285280.0,57.5,3550
526,Kakamega,Beans,2021,Short Rains (Oct-Dec),1766.0,1.35,2384.1,117.7,280608570.0,81.4,3492
527,Kakamega,Beans,2022,Long Rains (Mar-Jun),2812.1,1.0,2812.1,108.3,304550430.0,67.6,2783
528,Kakamega,Beans,2022,Short Rains (Oct-Dec),3106.7,1.08,3355.2,98.8,331493760.0,33.7,5095
529,Kakamega,Beans,2023,Long Rains (Mar-Jun),229.3,1.01,231.6,125.1,28973160.0,57.9,253
530,Kakamega,Beans,2023,Short Rains (Oct-Dec),1680.3,1.19,1999.6,122.6,245150960.0,34.5,2026
531,Kakamega,Tomato,2019,Long Rains (Mar-Jun),500.5,10.93,5470.5,24.4,133480200.0,58.1,889
532,Kakamega,Tomato,2019,Short Rains (Oct-Dec),650.3,12.17,7914.2,24.9,197063580.0,64.9,609
533,Kakamega,Tomato,2020,Long Rains (Mar-Jun),551.2,8.73,4812.0,27.9,134254800.0,70.1,511
534,Kakamega,Tomato,2020,Short Rains (Oct-Dec),65.2,8.81,574.4,26.2,15049280.0,54.9,73
535,Kakamega,Tomato,2021,Long Rains (Mar-Jun),261.2,12.77,3335.5,29.3,97730150.0,36.6,270
536,Kakamega,Tomato,2021,Short Rains (Oct-Dec),567.2,10.07,5711.7,30.7,175349190.0,58.8,552
537,Kakamega,Tomato,2022,Long Rains (Mar-Jun),582.2,8.63,5024.4,26.8,134653920.0,73.0,946
538,Kakamega,Tomato,2022,Short Rains (Oct-Dec),711.4,11.04,7853.9,26.1,204986790.0,74.4,1151
539,Kakamega,Tomato,2023,Long Rains (Mar-Jun),69.8,13.67,954.2,31.3,29866460.0,34.2,91
540,Kakamega,Tomato,2023,Short Rains (Oct-Dec),300.9,12.6,3791.3,31.3,118667690.0,50.2,498
541,Kakamega,Cabbage,2019,Long Rains (Mar-Jun),79.8,20.39,1627.1,13.0,21152300.0,42.6,98
542,Kakamega,Cabbage,2019,Short Rains (Oct-Dec),41.7,22.67,945.3,11.5,10870950.0,55.9,59
543,Kakamega,Cabbage,2020,Long Rains (Mar-Jun),110.3,20.43,2253.4,13.9,31322260.0,60.4,97
544,Kakamega,Cabbage,2020,Short Rains (Oct-Dec),492.3,16.86,8300.2,12.2,101262440.0,52.9,504
545,Kakamega,Cabbage,2021,Long Rains (Mar-Jun),188.6,15.96,3010.1,12.9,38830290.0,57.6,168
546,Kakamega,Cabbage,2021,Short Rains (Oct-Dec),129.2,21.54,2783.0,14.8,41188400.0,82.5,283
547,Kakamega,Cabbage,2022,Long Rains (Mar-Jun),314.0,15.0,4710.0,15.3,72063000.0,48.0,372
548,Kakamega,Cabbage,2022,Short Rains (Oct-Dec),18.4,14.47,266.2,14.4,3833280.0,46.7,20
549,Kakamega,Cabbage,2023,Long Rains (Mar-Jun),313.3,21.55,6751.6,14.7,99248520.0,72.5,563
550,Kakamega,Cabbage,2023,Short Rains (Oct-Dec),595.6,22.96,13675.0,13.8,188715000.0,30.4,818
551,Kakamega,Pyrethrum,2019,Long Rains (Mar-Jun),131.8,0.47,61.9,244.2,15115980.0,78.2,113
552,Kakamega,Pyrethrum,2019,Short Rains (Oct-Dec),20.7,0.53,11.0,244.7,2691700.0,70.0,42
553,Kakamega,Pyrethrum,2020,Long Rains (Mar-Jun),274.3,0.39,107.0,234.1,25048700.0,33.3,229
554,Kakamega,Pyrethrum,2020,Short Rains (Oct-Dec),361.6,0.37,133.8,258.6,34600680.0,79.4,443
555,Kakamega,Pyrethrum,2021,Long Rains (Mar-Jun),356.4,0.46,163.9,271.7,44531630.0,34.7,748
556,Kakamega,Pyrethrum,2021,Short Rains (Oct-Dec),84.1,0.55,46.3,218.3,10107290.0,61.2,112
557,Kakamega,Pyrethrum,2022,Long Rains (Mar-Jun),482.8,0.37,178.6,244.2,43614120.0,47.3,463
558,Kakamega,Pyrethrum,2022,Short Rains (Oct-Dec),356.3,0.45,160.3,247.8,39722340.0,45.0,774
559,Kakamega,Pyrethrum,2023,Long Rains (Mar-Jun),117.3,0.58,68.0,276.2,18781600.0,38.5,220
560,Kakamega,Pyrethrum,2023,Short Rains (Oct-Dec),243.7,0.51,124.3,273.0,33933900.0,83.1,430
561,Kakamega,Sunflower,2019,Long Rains (Mar-Jun),397.6,1.09,433.4,48.4,20976560.0,38.7,419
562,Kakamega,Sunflower,2019,Short Rains (Oct-Dec),998.6,1.29,1288.2,47.3,60931860.0,76.0,1507
563,Kakamega,Sunflower,2020,Long Rains (Mar-Jun),145.8,0.95,138.5,53.5,7409750.0,58.2,154
564,Kakamega,Sunflower,2020,Short Rains (Oct-Dec),341.8,1.26,430.7,49.1,21147370.0,52.2,448
565,Kakamega,Sunflower,2021,Long Rains (Mar-Jun),907.8,1.05,953.2,57.0,54332400.0,74.2,1773
566,Kakamega,Sunflower,2021,Short Rains (Oct-Dec),53.9,1.32,71.1,64.3,4571730.0,37.2,50
567,Kakamega,Sunflower,2022,Long Rains (Mar-Jun),471.8,1.05,495.4,63.5,31457900.0,62.0,777
568,Kakamega,Sunflower,2022,Short Rains (Oct-Dec),982.8,0.81,796.1,54.8,43626280.0,79.6,1302
569,Kakamega,Sunflower,2023,Long Rains (Mar-Jun),189.4,1.46,276.5,69.1,19106150.0,48.2,436
570,Kakamega,Sunflower,2023,Short Rains (Oct-Dec),574.8,1.09,626.5,65.1,40785150.0,75.2,802
571,Murang'a,Maize,2019,Long Rains (Mar-Jun),312.0,2.25,702.0,35.8,25131600.0,41.8,567
572,Murang'a,Maize,2019,Short Rains (Oct-Dec),1263.4,2.42,3057.4,34.5,105480300.0,64.1,2117
573,Murang'a,Maize,2020,Long Rains (Mar-Jun),1321.4,1.78,2352.1,41.0,96436100.0,33.4,2118
574,Murang'a,Maize,2020,Short Rains (Oct-Dec),721.5,1.63,1176.0,44.3,52096800.0,58.9,797
575,Murang'a,Maize,2021,Long Rains (Mar-Jun),3248.2,2.28,7405.9,47.1,348817890.0,73.0,4726
576,Murang'a,Maize,2021,Short Rains (Oct-Dec),2269.2,2.02,4583.8,46.3,212229940.0,57.6,3192
577,Murang'a,Maize,2022,Long Rains (Mar-Jun),883.3,1.62,1430.9,41.7,59668530.0,79.3,863
578,Murang'a,Maize,2022,Short Rains (Oct-Dec),422.6,2.09,883.2,45.1,39832320.0,72.2,352
579,Murang'a,Maize,2023,Long Rains (Mar-Jun),3901.1,1.85,7217.0,48.5,350024500.0,44.7,3704
580,Murang'a,Maize,2023,Short Rains (Oct-Dec),3685.6,1.81,6670.9,52.4,349555160.0,42.1,3421
581,Murang'a,Tea,2019,Long Rains (Mar-Jun),3130.9,3.43,10739.0,61.0,655079000.0,76.5,5788
582,Murang'a,Tea,2020,Long Rains (Mar-Jun),2353.2,3.6,8471.5,61.5,520997250.0,80.3,5568
583,Murang'a,Tea,2021,Long Rains (Mar-Jun),2763.3,4.16,11495.3,61.8,710409540.0,61.0,5018
584,Murang'a,Tea,2022,Long Rains (Mar-Jun),3854.5,3.48,13413.7,64.7,867866390.0,47.0,4864
585,Murang'a,Tea,2023,Long Rains (Mar-Jun),446.6,3.41,1522.9,63.0,95942700.0,59.0,1114
586,Murang'a,Avocado,2019,Long Rains (Mar-Jun),2070.2,6.87,14222.3,74.6,1060983580.0,69.4,1823
587,Murang'a,Avocado,2019,Short Rains (Oct-Dec),1909.0,7.25,13840.2,72.4,1002030480.0,62.3,1683
588,Murang'a,Avocado,2020,Long Rains (Mar-Jun),1755.9,7.82,13731.1,92.8,1274246080.0,82.8,2512
589,Murang'a,Avocado,2020,Short Rains (Oct-Dec),2122.8,6.58,13968.0,77.0,1075536000.0,46.6,4169
590,Murang'a,Avocado,2021,Long Rains (Mar-Jun),404.9,8.92,3611.7,94.9,342750330.0,82.8,440
591,Murang'a,Avocado,2021,Short Rains (Oct-Dec),441.5,8.98,3964.7,92.7,367527690.0,81.1,428
592,Murang'a,Avocado,2022,Long Rains (Mar-Jun),548.9,6.7,3677.6,86.8,319215680.0,46.9,577
593,Murang'a,Avocado,2022,Short Rains (Oct-Dec),338.9,7.07,2396.0,104.6,250621600.0,82.2,475
594,Murang'a,Avocado,2023,Long Rains (Mar-Jun),2237.5,9.71,21726.1,87.2,1894515920.0,63.1,1968
595,Murang'a,Avocado,2023,Short Rains (Oct-Dec),2178.9,7.28,15862.4,100.0,1586240000.0,81.5,4251
596,Murang'a,Potato,2019,Long Rains (Mar-Jun),1506.0,8.5,12801.0,34.4,440354400.0,39.2,1358
597,Murang'a,Potato,2019,Short Rains (Oct-Dec),232.1,10.29,2388.3,31.8,75947940.0,78.8,306
598,Murang'a,Potato,2020,Long Rains (Mar-Jun),574.5,7.52,4320.2,28.6,123557720.0,44.1,1181
599,Murang'a,Potato,2020,Short Rains (Oct-Dec),62.5,7.98,498.8,33.8,16859440.0,83.3,56
600,Murang'a,Potato,2021,Long Rains (Mar-Jun),1016.6,8.77,8915.6,33.6,299564160.0,35.6,1297
601,Murang'a,Potato,2021,Short Rains (Oct-Dec),1736.3,9.77,16963.7,34.7,588640390.0,38.9,3783
602,Murang'a,Potato,2022,Long Rains (Mar-Jun),1700.8,7.24,12313.8,33.8,416206440.0,82.3,3702
603,Murang'a,Potato,2022,Short Rains (Oct-Dec),390.0,7.49,2921.1,37.4,109249140.0,60.1,348
604,Murang'a,Potato,2023,Long Rains (Mar-Jun),240.6,10.35,2490.2,37.9,94378580.0,56.6,566
605,Murang'a,Potato,2023,Short Rains (Oct-Dec),1888.3,8.64,16314.9,40.4,659121960.0,38.6,3925
606,Murang'a,Wheat,2019,Long Rains (Mar-Jun),814.8,2.1,1711.1,48.3,82646130.0,69.7,828
607,Murang'a,Wheat,2019,Short Rains (Oct-Dec),1016.6,2.19,2226.4,43.2,96180480.0,32.7,1185
608,Murang'a,Wheat,2020,Long Rains (Mar-Jun),2958.7,1.82,5384.8,46.3,249316240.0,53.5,4654
609,Murang'a,Wheat,2020,Short Rains (Oct-Dec),2357.6,2.2,5186.7,44.5,230808150.0,31.4,4393
610,Murang'a,Wheat,2021,Long Rains (Mar-Jun),1106.3,1.94,2146.2,54.0,115894800.0,47.0,1540
611,Murang'a,Wheat,2021,Short Rains (Oct-Dec),1773.1,2.48,4397.3,44.8,196999040.0,59.9,3236
612,Murang'a,Wheat,2022,Long Rains (Mar-Jun),3113.0,1.89,5883.6,52.3,307712280.0,44.5,4032
613,Murang'a,Wheat,2022,Short Rains (Oct-Dec),884.7,1.81,1601.3,47.4,75901620.0,71.4,947
614,Murang'a,Wheat,2023,Long Rains (Mar-Jun),409.7,2.36,966.9,55.9,54049710.0,83.4,469
615,Murang'a,Wheat,2023,Short Rains (Oct-Dec),1991.2,2.86,5694.8,59.6,339410080.0,53.0,2403
616,Murang'a,Beans,2019,Long Rains (Mar-Jun),2177.9,0.89,1938.3,106.4,206235120.0,56.2,4702
617,Murang'a,Beans,2019,Short Rains (Oct-Dec),2264.7,0.98,2219.4,97.4,216169560.0,79.5,2176
618,Murang'a,Beans,2020,Long Rains (Mar-Jun),1719.6,0.83,1427.3,91.9,131168870.0,71.6,3194
619,Murang'a,Beans,2020,Short Rains (Oct-Dec),2462.2,0.94,2314.5,108.9,252049050.0,36.9,3333
620,Murang'a,Beans,2021,Long Rains (Mar-Jun),2471.6,0.85,2100.9,117.9,247696110.0,64.5,2315
621,Murang'a,Beans,2021,Short Rains (Oct-Dec),704.1,1.02,718.2,115.8,83167560.0,33.7,991
622,Murang'a,Beans,2022,Long Rains (Mar-Jun),1041.6,0.7,729.1,105.9,77211690.0,55.2,947
623,Murang'a,Beans,2022,Short Rains (Oct-Dec),1983.5,0.78,1547.1,112.6,174203460.0,53.1,2711
624,Murang'a,Beans,2023,Long Rains (Mar-Jun),438.6,0.98,429.8,124.2,53381160.0,81.7,384
625,Murang'a,Beans,2023,Short Rains (Oct-Dec),1441.7,0.79,1138.9,110.8,126190120.0,59.5,2135
626,Murang'a,Tomato,2019,Long Rains (Mar-Jun),374.5,12.58,4711.2,25.5,120135600.0,63.5,870
627,Murang'a,Tomato,2019,Short Rains (Oct-Dec),258.3,11.32,2924.0,26.3,76901200.0,68.2,599
628,Murang'a,Tomato,2020,Long Rains (Mar-Jun),785.3,10.83,8504.8,24.9,211769520.0,71.0,690
629,Murang'a,Tomato,2020,Short Rains (Oct-Dec),791.7,9.39,7434.1,28.7,213358670.0,46.7,1268
630,Murang'a,Tomato,2021,Long Rains (Mar-Jun),443.8,13.81,6128.9,25.0,153222500.0,77.8,874
631,Murang'a,Tomato,2021,Short Rains (Oct-Dec),857.9,12.51,10732.3,29.9,320895770.0,44.8,1169
632,Murang'a,Tomato,2022,Long Rains (Mar-Jun),575.9,9.59,5522.9,27.4,151327460.0,75.3,580
633,Murang'a,Tomato,2022,Short Rains (Oct-Dec),673.6,12.57,8467.2,31.8,269256960.0,58.3,1277
634,Murang'a,Tomato,2023,Long Rains (Mar-Jun),288.9,13.9,4015.7,28.0,112439600.0,76.8,261
635,Murang'a,Tomato,2023,Short Rains (Oct-Dec),46.8,12.16,569.1,33.2,18894120.0,76.0,78
636,Murang'a,Cabbage,2019,Long Rains (Mar-Jun),280.4,21.01,5891.2,12.9,75996480.0,45.1,264
637,Murang'a,Cabbage,2019,Short Rains (Oct-Dec),309.0,18.97,5861.7,11.2,65651040.0,31.7,442
638,Murang'a,Cabbage,2020,Long Rains (Mar-Jun),361.3,13.8,4985.9,13.9,69304010.0,62.3,531
639,Murang'a,Cabbage,2020,Short Rains (Oct-Dec),108.1,18.34,1982.6,13.6,26963360.0,67.9,172
640,Murang'a,Cabbage,2021,Long Rains (Mar-Jun),239.3,15.11,3615.8,13.5,48813300.0,83.1,220
641,Murang'a,Cabbage,2021,Short Rains (Oct-Dec),392.7,18.7,7343.5,12.5,91793750.0,52.5,943
642,Murang'a,Cabbage,2022,Long Rains (Mar-Jun),470.8,16.54,7787.0,12.5,97337500.0,80.1,512
643,Murang'a,Cabbage,2022,Short Rains (Oct-Dec),365.5,12.0,4386.0,13.3,58333800.0,74.3,567
644,Murang'a,Cabbage,2023,Long Rains (Mar-Jun),580.6,19.98,11600.4,14.5,168205800.0,50.7,855
645,Murang'a,Cabbage,2023,Short Rains (Oct-Dec),160.2,18.65,2987.7,15.4,46010580.0,75.3,223
646,Murang'a,Pyrethrum,2019,Long Rains (Mar-Jun),69.1,0.5,34.5,234.4,8086800.0,76.4,98
647,Murang'a,Pyrethrum,2019,Short Rains (Oct-Dec),330.7,0.52,172.0,214.4,36876800.0,35.9,733
648,Murang'a,Pyrethrum,2020,Long Rains (Mar-Jun),494.4,0.46,227.4,255.2,58032480.0,44.4,510
649,Murang'a,Pyrethrum,2020,Short Rains (Oct-Dec),448.3,0.4,179.3,214.5,38459850.0,72.1,400
650,Murang'a,Pyrethrum,2021,Long Rains (Mar-Jun),406.6,0.54,219.6,249.5,54790200.0,66.3,430
651,Murang'a,Pyrethrum,2021,Short Rains (Oct-Dec),366.2,0.52,190.4,273.1,51998240.0,44.3,498
652,Murang'a,Pyrethrum,2022,Long Rains (Mar-Jun),206.4,0.34,70.2,272.5,19129500.0,61.5,373
653,Murang'a,Pyrethrum,2022,Short Rains (Oct-Dec),368.7,0.37,136.4,261.5,35668600.0,73.2,327
654,Murang'a,Pyrethrum,2023,Long Rains (Mar-Jun),342.5,0.53,181.5,293.4,53252100.0,76.2,311
655,Murang'a,Pyrethrum,2023,Short Rains (Oct-Dec),106.9,0.44,47.0,246.0,11562000.0,44.2,102
656,Murang'a,Sunflower,2019,Long Rains (Mar-Jun),925.0,1.05,971.2,55.6,53998720.0,48.5,1962
657,Murang'a,Sunflower,2019,Short Rains (Oct-Dec),452.1,1.32,596.8,50.8,30317440.0,73.3,679
658,Murang'a,Sunflower,2020,Long Rains (Mar-Jun),342.2,0.97,331.9,60.2,19980380.0,55.9,313
659,Murang'a,Sunflower,2020,Short Rains (Oct-Dec),716.9,1.24,889.0,49.6,44094400.0,78.9,895
660,Murang'a,Sunflower,2021,Long Rains (Mar-Jun),1046.3,1.11,1161.4,54.7,63528580.0,33.0,965
661,Murang'a,Sunflower,2021,Short Rains (Oct-Dec),199.3,1.02,203.3,56.3,11445790.0,61.3,177
662,Murang'a,Sunflower,2022,Long Rains (Mar-Jun),570.8,0.92,525.1,64.5,33868950.0,72.8,722
663,Murang'a,Sunflower,2022,Short Rains (Oct-Dec),772.0,0.87,671.6,63.3,42512280.0,30.3,1247
664,Murang'a,Sunflower,2023,Long Rains (Mar-Jun),923.0,1.09,1006.1,68.1,68515410.0,56.9,913
665,Murang'a,Sunflower,2023,Short Rains (Oct-Dec),142.1,1.32,187.6,66.0,12381600.0,52.2,121
666,Kirinyaga,Maize,2019,Long Rains (Mar-Jun),1656.6,1.71,2832.8,36.1,102264080.0,50.5,4028
667,Kirinyaga,Maize,2019,Short Rains (Oct-Dec),1424.4,2.38,3390.1,36.0,122043600.0,67.2,1580
668,Kirinyaga,Maize,2020,Long Rains (Mar-Jun),1145.5,1.99,2279.5,39.0,88900500.0,37.1,1620
669,Kirinyaga,Maize,2020,Short Rains (Oct-Dec),2436.9,1.6,3899.0,43.7,170386300.0,46.4,3851
670,Kirinyaga,Maize,2021,Long Rains (Mar-Jun),2965.8,2.12,6287.5,40.4,254015000.0,78.8,2478
671,Kirinyaga,Maize,2021,Short Rains (Oct-Dec),1502.4,2.36,3545.7,40.6,143955420.0,40.4,1296
672,Kirinyaga,Maize,2022,Long Rains (Mar-Jun),3689.2,1.68,6197.9,41.8,259072220.0,70.0,7305
673,Kirinyaga,Maize,2022,Short Rains (Oct-Dec),2989.5,1.81,5411.0,41.2,222933200.0,50.2,3247
674,Kirinyaga,Maize,2023,Long Rains (Mar-Jun),342.0,2.54,868.7,44.0,38222800.0,59.4,779
675,Kirinyaga,Maize,2023,Short Rains (Oct-Dec),3979.8,2.35,9352.5,48.5,453596250.0,31.1,4181
676,Kirinyaga,Tea,2019,Long Rains (Mar-Jun),1556.4,3.2,4980.5,57.0,283888500.0,56.1,2978
677,Kirinyaga,Tea,2020,Long Rains (Mar-Jun),2532.0,3.11,7874.5,55.8,439397100.0,66.4,2722
678,Kirinyaga,Tea,2021,Long Rains (Mar-Jun),1042.0,3.4,3542.8,55.5,196625400.0,75.7,2153
679,Kirinyaga,Tea,2022,Long Rains (Mar-Jun),2614.6,2.36,6170.5,58.7,362208350.0,35.8,4677
680,Kirinyaga,Tea,2023,Long Rains (Mar-Jun),795.9,3.19,2538.9,68.0,172645200.0,41.1,826
681,Kirinyaga,Avocado,2019,Long Rains (Mar-Jun),565.5,5.09,2878.4,81.9,235740960.0,41.4,493
682,Kirinyaga,Avocado,2019,Short Rains (Oct-Dec),627.2,5.0,3136.0,85.4,267814400.0,79.9,587
683,Kirinyaga,Avocado,2020,Long Rains (Mar-Jun),1220.1,4.72,5758.9,76.8,442283520.0,58.1,1246
684,Kirinyaga,Avocado,2020,Short Rains (Oct-Dec),225.5,4.96,1118.5,79.7,89144450.0,84.4,354
685,Kirinyaga,Avocado,2021,Long Rains (Mar-Jun),861.4,5.08,4375.9,81.5,356635850.0,32.2,1361
686,Kirinyaga,Avocado,2021,Short Rains (Oct-Dec),1452.4,5.6,8133.4,93.7,762099580.0,35.2,1442
687,Kirinyaga,Avocado,2022,Long Rains (Mar-Jun),128.4,5.91,758.8,98.1,74438280.0,39.4,187
688,Kirinyaga,Avocado,2022,Short Rains (Oct-Dec),814.9,5.43,4424.9,103.0,455764700.0,35.1,774
689,Kirinyaga,Avocado,2023,Long Rains (Mar-Jun),368.4,6.29,2317.2,109.5,253733400.0,45.0,519
690,Kirinyaga,Avocado,2023,Short Rains (Oct-Dec),1538.4,7.34,11291.9,102.0,1151773800.0,73.8,3136
691,Kirinyaga,Potato,2019,Long Rains (Mar-Jun),1410.6,7.82,11030.9,34.1,376153690.0,38.8,1924
692,Kirinyaga,Potato,2019,Short Rains (Oct-Dec),1206.1,10.65,12845.0,32.1,412324500.0,40.0,1713
693,Kirinyaga,Potato,2020,Long Rains (Mar-Jun),755.7,6.78,5123.6,33.4,171128240.0,76.1,641
694,Kirinyaga,Potato,2020,Short Rains (Oct-Dec),313.5,9.77,3062.9,29.0,88824100.0,52.6,717
695,Kirinyaga,Potato,2021,Long Rains (Mar-Jun),567.5,8.53,4840.8,34.9,168943920.0,67.3,559
696,Kirinyaga,Potato,2021,Short Rains (Oct-Dec),1178.7,9.45,11138.7,37.1,413245770.0,66.8,1757
697,Kirinyaga,Potato,2022,Long Rains (Mar-Jun),1074.8,8.52,9157.3,31.9,292117870.0,66.4,1794
698,Kirinyaga,Potato,2022,Short Rains (Oct-Dec),730.8,8.44,6168.0,34.4,212179200.0,76.1,863
699,Kirinyaga,Potato,2023,Long Rains (Mar-Jun),1976.3,8.2,16205.7,38.2,619057740.0,38.6,1831
700,Kirinyaga,Potato,2023,Short Rains (Oct-Dec),1712.6,11.45,19609.3,33.1,649067830.0,57.0,2889
701,Kirinyaga,Wheat,2019,Long Rains (Mar-Jun),3399.1,1.97,6696.2,43.0,287936600.0,65.4,4703
702,Kirinyaga,Wheat,2019,Short Rains (Oct-Dec),914.3,2.36,2157.7,49.5,106806150.0,54.6,842
703,Kirinyaga,Wheat,2020,Long Rains (Mar-Jun),1631.1,1.79,2919.7,47.9,139853630.0,65.9,3383
704,Kirinyaga,Wheat,2020,Short Rains (Oct-Dec),1513.7,2.16,3269.6,42.1,137650160.0,35.0,1713
705,Kirinyaga,Wheat,2021,Long Rains (Mar-Jun),2212.4,2.15,4756.7,49.9,237359330.0,41.4,2360
706,Kirinyaga,Wheat,2021,Short Rains (Oct-Dec),3332.2,2.2,7330.8,44.4,325487520.0,42.3,4363
707,Kirinyaga,Wheat,2022,Long Rains (Mar-Jun),2013.3,2.09,4207.8,52.7,221751060.0,66.1,2069
708,Kirinyaga,Wheat,2022,Short Rains (Oct-Dec),505.4,2.2,1111.9,49.4,54927860.0,48.8,475
709,Kirinyaga,Wheat,2023,Long Rains (Mar-Jun),3379.8,2.31,7807.3,55.6,434085880.0,68.6,7740
710,Kirinyaga,Wheat,2023,Short Rains (Oct-Dec),674.8,2.16,1457.6,58.3,84978080.0,69.7,1389
711,Kirinyaga,Beans,2019,Long Rains (Mar-Jun),1558.3,0.79,1231.1,107.6,132466360.0,51.6,2035
712,Kirinyaga,Beans,2019,Short Rains (Oct-Dec),1971.0,0.98,1931.6,88.1,170173960.0,52.8,1726
713,Kirinyaga,Beans,2020,Long Rains (Mar-Jun),2106.7,0.82,1727.5,108.0,186570000.0,54.8,2273
714,Kirinyaga,Beans,2020,Short Rains (Oct-Dec),2394.0,0.68,1627.9,101.2,164743480.0,59.2,5455
715,Kirinyaga,Beans,2021,Long Rains (Mar-Jun),2343.4,0.99,2320.0,104.7,242904000.0,58.0,2061
716,Kirinyaga,Beans,2021,Short Rains (Oct-Dec),508.8,0.9,457.9,111.1,50872690.0,37.1,716
717,Kirinyaga,Beans,2022,Long Rains (Mar-Jun),1533.3,0.86,1318.6,112.1,147815060.0,51.2,1295
718,Kirinyaga,Beans,2022,Short Rains (Oct-Dec),2296.5,0.83,1906.1,105.8,201665380.0,83.0,1952
719,Kirinyaga,Beans,2023,Long Rains (Mar-Jun),1175.9,0.81,952.5,114.4,108966000.0,68.5,1177
720,Kirinyaga,Beans,2023,Short Rains (Oct-Dec),803.4,1.02,819.5,127.1,104158450.0,69.2,699
721,Kirinyaga,Tomato,2019,Long Rains (Mar-Jun),667.4,13.73,9163.4,26.4,241913760.0,46.0,986
722,Kirinyaga,Tomato,2019,Short Rains (Oct-Dec),707.8,18.6,13165.1,26.6,350191660.0,82.7,881
723,Kirinyaga,Tomato,2020,Long Rains (Mar-Jun),730.0,12.75,9307.5,24.2,225241500.0,49.4,930
724,Kirinyaga,Tomato,2020,Short Rains (Oct-Dec),604.6,14.65,8857.4,26.1,231178140.0,71.1,563
725,Kirinyaga,Tomato,2021,Long Rains (Mar-Jun),315.9,17.23,5443.0,29.8,162201400.0,58.8,751
726,Kirinyaga,Tomato,2021,Short Rains (Oct-Dec),173.4,16.16,2802.1,25.6,71733760.0,71.3,327
727,Kirinyaga,Tomato,2022,Long Rains (Mar-Jun),316.6,11.66,3691.6,31.9,117762040.0,68.0,497
728,Kirinyaga,Tomato,2022,Short Rains (Oct-Dec),790.1,10.53,8319.8,31.7,263737660.0,35.6,721
729,Kirinyaga,Tomato,2023,Long Rains (Mar-Jun),775.8,18.77,14561.8,32.6,474714680.0,60.9,1314
730,Kirinyaga,Tomato,2023,Short Rains (Oct-Dec),821.3,18.34,15062.6,29.2,439827920.0,66.5,719
731,Kirinyaga,Cabbage,2019,Long Rains (Mar-Jun),239.9,21.29,5107.5,13.7,69972750.0,47.2,285
732,Kirinyaga,Cabbage,2019,Short Rains (Oct-Dec),19.6,16.21,317.7,12.7,4034790.0,73.0,17
733,Kirinyaga,Cabbage,2020,Long Rains (Mar-Jun),500.0,18.45,9225.0,13.4,123615000.0,65.6,497
734,Kirinyaga,Cabbage,2020,Short Rains (Oct-Dec),333.4,16.5,5501.1,13.7,75365070.0,83.0,524
735,Kirinyaga,Cabbage,2021,Long Rains (Mar-Jun),116.3,18.74,2179.5,12.3,26807850.0,39.6,143
736,Kirinyaga,Cabbage,2021,Short Rains (Oct-Dec),233.8,16.96,3965.2,13.5,53530200.0,37.2,269
737,Kirinyaga,Cabbage,2022,Long Rains (Mar-Jun),161.9,13.93,2255.3,14.9,33603970.0,38.5,309
738,Kirinyaga,Cabbage,2022,Short Rains (Oct-Dec),201.7,12.26,2472.8,15.6,38575680.0,63.9,216
739,Kirinyaga,Cabbage,2023,Long Rains (Mar-Jun),300.4,19.45,5842.8,14.2,82967760.0,73.1,459
740,Kirinyaga,Cabbage,2023,Short Rains (Oct-Dec),141.3,16.51,2332.9,13.2,30794280.0,57.8,192
741,Kirinyaga,Pyrethrum,2019,Long Rains (Mar-Jun),277.8,0.42,116.7,210.2,24530340.0,41.7,417
742,Kirinyaga,Pyrethrum,2019,Short Rains (Oct-Dec),193.2,0.44,85.0,239.4,20349000.0,59.2,161
743,Kirinyaga,Pyrethrum,2020,Long Rains (Mar-Jun),415.4,0.52,216.0,206.4,44582400.0,66.8,549
744,Kirinyaga,Pyrethrum,2020,Short Rains (Oct-Dec),454.2,0.46,208.9,241.4,50428460.0,82.7,480
745,Kirinyaga,Pyrethrum,2021,Long Rains (Mar-Jun),174.0,0.57,99.2,270.0,26784000.0,51.2,209
746,Kirinyaga,Pyrethrum,2021,Short Rains (Oct-Dec),155.8,0.56,87.2,262.7,22907440.0,50.6,149
747,Kirinyaga,Pyrethrum,2022,Long Rains (Mar-Jun),233.9,0.34,79.5,284.5,22617750.0,40.6,288
748,Kirinyaga,Pyrethrum,2022,Short Rains (Oct-Dec),475.1,0.36,171.0,288.2,49282200.0,59.6,1170
749,Kirinyaga,Pyrethrum,2023,Long Rains (Mar-Jun),51.4,0.56,28.8,288.7,8314560.0,77.6,69
750,Kirinyaga,Pyrethrum,2023,Short Rains (Oct-Dec),69.9,0.53,37.0,284.0,10508000.0,83.7,68
751,Kirinyaga,Sunflower,2019,Long Rains (Mar-Jun),790.0,1.41,1113.9,56.5,62935350.0,38.5,1029
752,Kirinyaga,Sunflower,2019,Short Rains (Oct-Dec),424.8,1.0,424.8,47.5,20178000.0,73.7,501
753,Kirinyaga,Sunflower,2020,Long Rains (Mar-Jun),707.0,0.94,664.6,52.2,34692120.0,51.3,781
754,Kirinyaga,Sunflower,2020,Short Rains (Oct-Dec),542.3,0.85,461.0,57.8,26645800.0,59.4,593
755,Kirinyaga,Sunflower,2021,Long Rains (Mar-Jun),757.3,1.28,969.3,58.8,56994840.0,68.5,1653
756,Kirinyaga,Sunflower,2021,Short Rains (Oct-Dec),1116.5,0.98,1094.2,61.6,67402720.0,46.6,2379
757,Kirinyaga,Sunflower,2022,Long Rains (Mar-Jun),927.7,0.97,899.9,59.7,53724030.0,66.3,1190
758,Kirinyaga,Sunflower,2022,Short Rains (Oct-Dec),658.8,0.85,560.0,59.7,33432000.0,73.9,787
759,Kirinyaga,Sunflower,2023,Long Rains (Mar-Jun),1153.8,1.08,1246.1,66.7,83114870.0,80.3,1113
760,Kirinyaga,Sunflower,2023,Short Rains (Oct-Dec),886.0,1.2,1063.2,71.0,75487200.0,60.4,1049
761,Nyandarua,Maize,2019,Long Rains (Mar-Jun),668.3,1.68,1122.7,39.9,44795730.0,59.5,577
762,Nyandarua,Maize,2019,Short Rains (Oct-Dec),1357.8,2.31,3136.5,42.8,134242200.0,48.9,1859
763,Nyandarua,Maize,2020,Long Rains (Mar-Jun),2654.5,1.86,4937.4,37.2,183671280.0,42.1,2485
764,Nyandarua,Maize,2020,Short Rains (Oct-Dec),938.4,1.61,1510.8,43.5,65719800.0,76.9,867
765,Nyandarua,Maize,2021,Long Rains (Mar-Jun),3743.0,2.44,9132.9,41.7,380841930.0,60.2,5917
766,Nyandarua,Maize,2021,Short Rains (Oct-Dec),456.0,1.71,779.8,44.4,34623120.0,56.8,686
767,Nyandarua,Maize,2022,Long Rains (Mar-Jun),687.2,1.85,1271.3,40.4,51360520.0,64.1,613
768,Nyandarua,Maize,2022,Short Rains (Oct-Dec),1407.6,1.71,2407.0,46.1,110962700.0,46.8,1622
769,Nyandarua,Maize,2023,Long Rains (Mar-Jun),2349.1,2.09,4909.6,44.6,218968160.0,53.6,5816
770,Nyandarua,Maize,2023,Short Rains (Oct-Dec),1135.5,1.96,2225.6,49.5,110167200.0,54.0,1059
771,Nyandarua,Tea,2019,Long Rains (Mar-Jun),472.2,3.06,1444.9,61.6,89005840.0,55.5,687
772,Nyandarua,Tea,2020,Long Rains (Mar-Jun),972.0,2.51,2439.7,54.0,131743800.0,63.4,905
773,Nyandarua,Tea,2021,Long Rains (Mar-Jun),2587.4,2.32,6002.8,61.5,369172200.0,44.5,2332
774,Nyandarua,Tea,2022,Long Rains (Mar-Jun),303.3,1.93,585.4,57.2,33484880.0,57.9,713
775,Nyandarua,Tea,2023,Long Rains (Mar-Jun),1779.1,2.83,5034.9,69.1,347911590.0,79.8,2114
776,Nyandarua,Avocado,2019,Long Rains (Mar-Jun),833.5,6.24,5201.0,81.4,423361400.0,72.6,1203
777,Nyandarua,Avocado,2019,Short Rains (Oct-Dec),366.0,5.77,2111.8,86.7,183093060.0,46.0,474
778,Nyandarua,Avocado,2020,Long Rains (Mar-Jun),785.2,4.39,3447.0,85.3,294029100.0,66.4,728
779,Nyandarua,Avocado,2020,Short Rains (Oct-Dec),1217.5,4.78,5819.7,78.3,455682510.0,58.3,1608
780,Nyandarua,Avocado,2021,Long Rains (Mar-Jun),301.6,5.95,1794.5,92.0,165094000.0,83.2,305
781,Nyandarua,Avocado,2021,Short Rains (Oct-Dec),745.9,4.76,3550.5,82.5,292916250.0,56.8,1656
782,Nyandarua,Avocado,2022,Long Rains (Mar-Jun),579.4,3.53,2045.3,87.6,179168280.0,79.9,840
783,Nyandarua,Avocado,2022,Short Rains (Oct-Dec),725.7,4.24,3077.0,83.9,258160300.0,83.9,1100
784,Nyandarua,Avocado,2023,Long Rains (Mar-Jun),1067.5,5.51,5881.9,106.3,625245970.0,75.9,1748
785,Nyandarua,Avocado,2023,Short Rains (Oct-Dec),834.8,4.75,3965.3,102.1,404857130.0,50.1,904
786,Nyandarua,Potato,2019,Long Rains (Mar-Jun),2521.2,14.34,36154.0,29.8,1077389200.0,79.9,3100
787,Nyandarua,Potato,2019,Short Rains (Oct-Dec),1116.9,16.35,18261.3,30.7,560621910.0,56.5,1264
788,Nyandarua,Potato,2020,Long Rains (Mar-Jun),1550.3,10.73,16634.7,29.4,489060180.0,34.2,1694
789,Nyandarua,Potato,2020,Short Rains (Oct-Dec),705.5,10.97,7739.3,30.9,239144370.0,69.5,1426
790,Nyandarua,Potato,2021,Long Rains (Mar-Jun),760.3,15.54,11815.1,35.0,413528500.0,56.5,970
791,Nyandarua,Potato,2021,Short Rains (Oct-Dec),703.1,11.95,8402.0,35.9,301631800.0,31.2,1618
792,Nyandarua,Potato,2022,Long Rains (Mar-Jun),1758.8,10.22,17974.9,36.5,656083850.0,32.2,2050
793,Nyandarua,Potato,2022,Short Rains (Oct-Dec),252.7,10.68,2698.8,32.6,87980880.0,82.7,287
794,Nyandarua,Potato,2023,Long Rains (Mar-Jun),1730.1,12.08,20899.6,38.9,812994440.0,66.4,2760
795,Nyandarua,Potato,2023,Short Rains (Oct-Dec),339.5,14.66,4977.1,41.3,205554230.0,77.7,632
796,Nyandarua,Wheat,2019,Long Rains (Mar-Jun),3219.3,2.75,8853.1,49.4,437343140.0,75.1,5901
797,Nyandarua,Wheat,2019,Short Rains (Oct-Dec),2584.6,2.39,6177.2,48.6,300211920.0,48.8,3388
798,Nyandarua,Wheat,2020,Long Rains (Mar-Jun),2327.8,2.07,4818.5,46.6,224542100.0,36.0,4142
799,Nyandarua,Wheat,2020,Short Rains (Oct-Dec),3328.0,2.33,7754.2,47.0,364447400.0,38.2,6976
800,Nyandarua,Wheat,2021,Long Rains (Mar-Jun),1901.3,2.68,5095.5,44.2,225221100.0,73.1,2368
801,Nyandarua,Wheat,2021,Short Rains (Oct-Dec),568.9,2.54,1445.0,45.3,65458500.0,63.2,535
802,Nyandarua,Wheat,2022,Long Rains (Mar-Jun),3466.9,2.43,8424.6,55.0,463353000.0,58.7,4979
803,Nyandarua,Wheat,2022,Short Rains (Oct-Dec),293.5,2.22,651.6,49.5,32254200.0,74.1,284
804,Nyandarua,Wheat,2023,Long Rains (Mar-Jun),1549.4,2.87,4446.8,58.6,260582480.0,71.9,1618
805,Nyandarua,Wheat,2023,Short Rains (Oct-Dec),495.3,2.37,1173.9,55.0,64564500.0,42.8,455
806,Nyandarua,Beans,2019,Long Rains (Mar-Jun),765.5,1.04,796.1,95.2,75788720.0,40.4,791
807,Nyandarua,Beans,2019,Short Rains (Oct-Dec),1990.4,0.93,1851.1,88.3,163452130.0,30.4,2154
808,Nyandarua,Beans,2020,Long Rains (Mar-Jun),1744.4,0.73,1273.4,97.9,124665860.0,38.5,1893
809,Nyandarua,Beans,2020,Short Rains (Oct-Dec),693.8,0.9,624.4,99.4,62065360.0,50.1,1118
810,Nyandarua,Beans,2021,Long Rains (Mar-Jun),1727.1,0.96,1658.0,102.9,170608200.0,73.1,2197
811,Nyandarua,Beans,2021,Short Rains (Oct-Dec),975.9,0.89,868.6,98.8,85817680.0,46.9,1444
812,Nyandarua,Beans,2022,Long Rains (Mar-Jun),1787.3,0.82,1465.6,121.7,178363520.0,66.3,1790
813,Nyandarua,Beans,2022,Short Rains (Oct-Dec),1160.8,0.81,940.2,102.7,96558540.0,41.8,1611
814,Nyandarua,Beans,2023,Long Rains (Mar-Jun),899.0,0.96,863.0,122.5,105717500.0,68.9,1700
815,Nyandarua,Beans,2023,Short Rains (Oct-Dec),2414.3,0.76,1834.9,105.2,193031480.0,38.0,2116
816,Nyandarua,Tomato,2019,Long Rains (Mar-Jun),359.6,9.91,3563.6,23.9,85170040.0,34.4,835
817,Nyandarua,Tomato,2019,Short Rains (Oct-Dec),319.8,14.33,4582.7,26.3,120525010.0,58.7,329
818,Nyandarua,Tomato,2020,Long Rains (Mar-Jun),486.0,12.44,6045.8,28.7,173514460.0,65.2,646
819,Nyandarua,Tomato,2020,Short Rains (Oct-Dec),177.3,11.22,1989.3,28.6,56893980.0,45.7,415
820,Nyandarua,Tomato,2021,Long Rains (Mar-Jun),487.6,11.71,5709.8,25.9,147883820.0,39.3,1136
821,Nyandarua,Tomato,2021,Short Rains (Oct-Dec),206.6,9.31,1923.4,25.4,48854360.0,84.8,201
822,Nyandarua,Tomato,2022,Long Rains (Mar-Jun),295.4,9.54,2818.1,30.1,84824810.0,58.5,298
823,Nyandarua,Tomato,2022,Short Rains (Oct-Dec),73.5,8.33,612.3,27.9,17083170.0,75.6,64
824,Nyandarua,Tomato,2023,Long Rains (Mar-Jun),291.5,14.93,4352.1,29.1,126646110.0,63.3,524
825,Nyandarua,Tomato,2023,Short Rains (Oct-Dec),745.2,12.98,9672.7,29.0,280508300.0,52.4,1535
826,Nyandarua,Cabbage,2019,Long Rains (Mar-Jun),76.4,23.13,1767.1,13.6,24032560.0,74.2,65
827,Nyandarua,Cabbage,2019,Short Rains (Oct-Dec),738.0,28.36,20929.7,12.5,261621250.0,68.2,629
828,Nyandarua,Cabbage,2020,Long Rains (Mar-Jun),480.4,24.57,11803.4,13.6,160526240.0,82.9,626
829,Nyandarua,Cabbage,2020,Short Rains (Oct-Dec),396.1,22.95,9090.5,11.3,102722650.0,36.4,872
830,Nyandarua,Cabbage,2021,Long Rains (Mar-Jun),538.4,29.28,15764.4,13.9,219125160.0,42.6,825
831,Nyandarua,Cabbage,2021,Short Rains (Oct-Dec),803.3,24.61,19769.2,11.7,231299640.0,75.8,1341
832,Nyandarua,Cabbage,2022,Long Rains (Mar-Jun),93.4,22.37,2089.4,15.3,31967820.0,34.2,81
833,Nyandarua,Cabbage,2022,Short Rains (Oct-Dec),409.1,19.69,8055.2,15.5,124855600.0,44.8,353
834,Nyandarua,Cabbage,2023,Long Rains (Mar-Jun),579.1,30.8,17836.3,14.8,263977240.0,41.0,585
835,Nyandarua,Cabbage,2023,Short Rains (Oct-Dec),735.2,23.36,17174.3,13.7,235287910.0,43.7,821
836,Nyandarua,Pyrethrum,2019,Long Rains (Mar-Jun),123.3,0.55,67.8,248.6,16855080.0,67.2,132
837,Nyandarua,Pyrethrum,2019,Short Rains (Oct-Dec),409.0,0.72,294.5,227.8,67087100.0,32.3,520
838,Nyandarua,Pyrethrum,2020,Long Rains (Mar-Jun),413.3,0.57,235.6,262.3,61797880.0,79.3,377
839,Nyandarua,Pyrethrum,2020,Short Rains (Oct-Dec),332.3,0.68,226.0,258.3,58375800.0,45.4,575
840,Nyandarua,Pyrethrum,2021,Long Rains (Mar-Jun),385.8,0.52,200.6,261.3,52416780.0,56.3,463
841,Nyandarua,Pyrethrum,2021,Short Rains (Oct-Dec),339.5,0.6,203.7,254.6,51862020.0,39.6,287
842,Nyandarua,Pyrethrum,2022,Long Rains (Mar-Jun),461.7,0.53,244.7,271.3,66387110.0,30.7,811
843,Nyandarua,Pyrethrum,2022,Short Rains (Oct-Dec),388.5,0.5,194.2,266.5,51754300.0,44.3,463
844,Nyandarua,Pyrethrum,2023,Long Rains (Mar-Jun),174.0,0.67,116.6,278.1,32426460.0,50.1,217
845,Nyandarua,Pyrethrum,2023,Short Rains (Oct-Dec),157.4,0.74,116.5,262.2,30546300.0,77.0,252
846,Nyandarua,Sunflower,2019,Long Rains (Mar-Jun),248.7,1.02,253.7,54.3,13775910.0,42.6,518
847,Nyandarua,Sunflower,2019,Short Rains (Oct-Dec),353.1,1.07,377.8,52.4,19796720.0,50.9,683
848,Nyandarua,Sunflower,2020,Long Rains (Mar-Jun),1152.6,0.91,1048.9,59.6,62514440.0,39.7,1441
849,Nyandarua,Sunflower,2020,Short Rains (Oct-Dec),1194.9,1.2,1433.9,55.7,79868230.0,69.6,1162
850,Nyandarua,Sunflower,2021,Long Rains (Mar-Jun),388.0,1.19,461.7,58.5,27009450.0,51.9,407
851,Nyandarua,Sunflower,2021,Short Rains (Oct-Dec),109.6,1.31,143.6,57.2,8213920.0,64.6,144
852,Nyandarua,Sunflower,2022,Long Rains (Mar-Jun),428.2,0.94,402.5,62.2,25035500.0,81.3,706
853,Nyandarua,Sunflower,2022,Short Rains (Oct-Dec),63.0,0.85,53.5,66.8,3573800.0,83.0,112
854,Nyandarua,Sunflower,2023,Long Rains (Mar-Jun),708.0,1.34,948.7,58.9,55878430.0,72.9,1034
855,Nyandarua,Sunflower,2023,Short Rains (Oct-Dec),820.9,1.25,1026.1,67.6,69364360.0,78.9,1164
856,Bomet,Maize,2019,Long Rains (Mar-Jun),1417.7,2.43,3445.0,35.6,122642000.0,39.2,1355
857,Bomet,Maize,2019,Short Rains (Oct-Dec),1630.3,2.43,3961.6,39.6,156879360.0,76.7,3566
858,Bomet,Maize,2020,Long Rains (Mar-Jun),897.2,1.81,1623.9,38.7,62844930.0,46.0,1461
859,Bomet,Maize,2020,Short Rains (Oct-Dec),2914.6,1.85,5392.0,40.0,215680000.0,77.5,4220
860,Bomet,Maize,2021,Long Rains (Mar-Jun),2673.3,2.66,7111.0,41.2,292973200.0,40.1,6388
861,Bomet,Maize,2021,Short Rains (Oct-Dec),3262.1,2.39,7796.4,46.6,363312240.0,68.5,7029
862,Bomet,Maize,2022,Long Rains (Mar-Jun),917.7,1.61,1477.5,40.0,59100000.0,78.3,1094
863,Bomet,Maize,2022,Short Rains (Oct-Dec),330.2,1.84,607.6,47.7,28982520.0,34.6,541
864,Bomet,Maize,2023,Long Rains (Mar-Jun),869.0,2.58,2242.0,51.1,114566200.0,47.0,1453
865,Bomet,Maize,2023,Short Rains (Oct-Dec),1407.9,2.55,3590.1,42.5,152579250.0,76.1,3329
866,Bomet,Tea,2019,Long Rains (Mar-Jun),3026.3,4.81,14556.5,54.0,786051000.0,56.2,2564
867,Bomet,Tea,2020,Long Rains (Mar-Jun),2487.8,3.36,8359.0,57.8,483150200.0,83.3,2596
868,Bomet,Tea,2021,Long Rains (Mar-Jun),895.4,4.23,3787.5,62.8,237855000.0,65.0,1051
869,Bomet,Tea,2022,Long Rains (Mar-Jun),2412.8,3.68,8879.1,61.8,548728380.0,49.1,2900
870,Bomet,Tea,2023,Long Rains (Mar-Jun),3644.6,4.31,15708.2,65.4,1027316280.0,44.3,5669
871,Bomet,Avocado,2019,Long Rains (Mar-Jun),44.1,6.44,284.0,89.0,25276000.0,48.9,56
872,Bomet,Avocado,2019,Short Rains (Oct-Dec),57.4,6.69,384.0,90.9,34905600.0,56.2,140
873,Bomet,Avocado,2020,Long Rains (Mar-Jun),735.3,4.62,3397.1,79.7,270748870.0,30.4,1052
874,Bomet,Avocado,2020,Short Rains (Oct-Dec),705.2,5.16,3638.8,83.1,302384280.0,39.0,712
875,Bomet,Avocado,2021,Long Rains (Mar-Jun),669.9,5.28,3537.1,83.4,294994140.0,53.2,1132
876,Bomet,Avocado,2021,Short Rains (Oct-Dec),1271.8,6.46,8215.8,95.2,782144160.0,67.7,2025
877,Bomet,Avocado,2022,Long Rains (Mar-Jun),1237.1,5.33,6593.7,92.3,608598510.0,76.9,2266
878,Bomet,Avocado,2022,Short Rains (Oct-Dec),509.1,5.01,2550.6,97.0,247408200.0,45.0,566
879,Bomet,Avocado,2023,Long Rains (Mar-Jun),345.6,4.85,1676.2,87.6,146835120.0,59.4,629
880,Bomet,Avocado,2023,Short Rains (Oct-Dec),208.3,5.45,1135.2,103.6,117606720.0,70.0,355
881,Bomet,Potato,2019,Long Rains (Mar-Jun),352.3,9.48,3339.8,29.6,98858080.0,47.1,338
882,Bomet,Potato,2019,Short Rains (Oct-Dec),1996.0,9.36,18682.6,32.9,614657540.0,48.2,1857
883,Bomet,Potato,2020,Long Rains (Mar-Jun),1906.2,6.88,13114.7,34.1,447211270.0,33.9,2456
884,Bomet,Potato,2020,Short Rains (Oct-Dec),432.9,9.5,4112.6,34.5,141884700.0,75.6,870
885,Bomet,Potato,2021,Long Rains (Mar-Jun),1550.2,8.29,12851.2,35.4,454932480.0,54.4,1565
886,Bomet,Potato,2021,Short Rains (Oct-Dec),125.0,9.07,1133.8,35.4,40136520.0,58.7,105
887,Bomet,Potato,2022,Long Rains (Mar-Jun),977.3,8.46,8268.0,33.7,278631600.0,47.8,1081
888,Bomet,Potato,2022,Short Rains (Oct-Dec),141.8,9.26,1313.1,35.5,46615050.0,43.9,155
889,Bomet,Potato,2023,Long Rains (Mar-Jun),445.5,11.52,5132.2,40.2,206314440.0,42.0,908
890,Bomet,Potato,2023,Short Rains (Oct-Dec),1287.8,9.27,11937.9,33.9,404694810.0,45.2,2597
891,Bomet,Wheat,2019,Long Rains (Mar-Jun),2787.3,1.93,5379.5,41.0,220559500.0,73.1,3572
892,Bomet,Wheat,2019,Short Rains (Oct-Dec),2135.2,2.28,4868.3,41.5,202034450.0,38.7,4513
893,Bomet,Wheat,2020,Long Rains (Mar-Jun),2211.0,2.48,5483.3,53.8,295001540.0,64.4,4937
894,Bomet,Wheat,2020,Short Rains (Oct-Dec),2298.7,2.28,5241.0,51.4,269387400.0,36.9,3921
895,Bomet,Wheat,2021,Long Rains (Mar-Jun),3438.1,2.6,8939.1,52.9,472878390.0,74.3,4578
896,Bomet,Wheat,2021,Short Rains (Oct-Dec),772.2,2.5,1930.5,48.1,92857050.0,37.4,690
897,Bomet,Wheat,2022,Long Rains (Mar-Jun),1760.3,1.94,3415.0,50.4,172116000.0,68.3,3189
898,Bomet,Wheat,2022,Short Rains (Oct-Dec),750.8,1.87,1404.0,56.1,78764400.0,45.1,704
899,Bomet,Wheat,2023,Long Rains (Mar-Jun),3210.9,2.57,8252.0,49.5,408474000.0,38.5,5044
900,Bomet,Wheat,2023,Short Rains (Oct-Dec),1010.1,2.39,2414.1,48.6,117325260.0,65.1,1436
901,Bomet,Beans,2019,Long Rains (Mar-Jun),581.9,0.8,465.5,105.8,49249900.0,72.7,984
902,Bomet,Beans,2019,Short Rains (Oct-Dec),2007.3,1.05,2107.7,98.3,207186910.0,51.3,2450
903,Bomet,Beans,2020,Long Rains (Mar-Jun),1412.5,0.89,1257.1,104.1,130864110.0,47.7,1547
904,Bomet,Beans,2020,Short Rains (Oct-Dec),382.1,0.88,336.2,90.6,30459720.0,75.9,758
905,Bomet,Beans,2021,Long Rains (Mar-Jun),2413.2,0.85,2051.2,104.8,214965760.0,35.4,2816
906,Bomet,Beans,2021,Short Rains (Oct-Dec),2314.2,1.02,2360.5,105.8,249740900.0,68.6,3826
907,Bomet,Beans,2022,Long Rains (Mar-Jun),1063.2,0.86,914.4,100.3,91714320.0,81.2,1875
908,Bomet,Beans,2022,Short Rains (Oct-Dec),1396.1,0.95,1326.3,100.5,133293150.0,74.1,3112
909,Bomet,Beans,2023,Long Rains (Mar-Jun),1573.4,1.22,1919.5,114.5,219782750.0,50.3,1627
910,Bomet,Beans,2023,Short Rains (Oct-Dec),2280.5,0.94,2143.7,103.8,222516060.0,33.9,3545
911,Bomet,Tomato,2019,Long Rains (Mar-Jun),756.8,14.21,10754.1,23.1,248419710.0,69.9,916
912,Bomet,Tomato,2019,Short Rains (Oct-Dec),167.8,12.13,2035.4,24.1,49053140.0,64.4,308
913,Bomet,Tomato,2020,Long Rains (Mar-Jun),604.4,10.2,6164.9,24.1,148574090.0,65.1,880
914,Bomet,Tomato,2020,Short Rains (Oct-Dec),377.8,11.26,4254.0,29.1,123791400.0,39.2,694
915,Bomet,Tomato,2021,Long Rains (Mar-Jun),333.2,10.88,3625.2,25.4,92080080.0,84.9,441
916,Bomet,Tomato,2021,Short Rains (Oct-Dec),294.8,10.78,3177.9,31.0,98514900.0,47.9,422
917,Bomet,Tomato,2022,Long Rains (Mar-Jun),616.1,9.68,5963.8,31.1,185474180.0,63.5,724
918,Bomet,Tomato,2022,Short Rains (Oct-Dec),186.9,11.02,2059.6,32.5,66937000.0,44.0,159
919,Bomet,Tomato,2023,Long Rains (Mar-Jun),369.0,12.08,4457.5,32.4,144423000.0,84.1,420
920,Bomet,Tomato,2023,Short Rains (Oct-Dec),423.7,15.09,6393.6,29.3,187332480.0,46.5,733
921,Bomet,Cabbage,2019,Long Rains (Mar-Jun),515.2,14.56,7501.3,13.3,99767290.0,67.9,829
922,Bomet,Cabbage,2019,Short Rains (Oct-Dec),337.6,18.41,6215.2,13.6,84526720.0,38.5,784
923,Bomet,Cabbage,2020,Long Rains (Mar-Jun),221.1,13.55,2995.9,12.4,37149160.0,62.0,377
924,Bomet,Cabbage,2020,Short Rains (Oct-Dec),488.9,13.25,6477.9,12.5,80973750.0,80.5,495
925,Bomet,Cabbage,2021,Long Rains (Mar-Jun),437.5,19.51,8535.6,12.2,104134320.0,75.4,459
926,Bomet,Cabbage,2021,Short Rains (Oct-Dec),350.8,20.31,7124.7,13.6,96895920.0,46.5,356
927,Bomet,Cabbage,2022,Long Rains (Mar-Jun),350.9,12.42,4358.2,12.6,54913320.0,72.4,517
928,Bomet,Cabbage,2022,Short Rains (Oct-Dec),492.5,14.44,7111.7,15.4,109520180.0,77.8,847
929,Bomet,Cabbage,2023,Long Rains (Mar-Jun),395.8,19.67,7785.4,13.0,101210200.0,72.8,560
930,Bomet,Cabbage,2023,Short Rains (Oct-Dec),191.2,15.43,2950.2,14.9,43957980.0,38.2,238
931,Bomet,Pyrethrum,2019,Long Rains (Mar-Jun),126.0,0.41,51.7,238.2,12314940.0,51.6,166
932,Bomet,Pyrethrum,2019,Short Rains (Oct-Dec),305.7,0.5,152.8,210.2,32118560.0,45.9,427
933,Bomet,Pyrethrum,2020,Long Rains (Mar-Jun),83.5,0.37,30.9,238.6,7372740.0,32.7,116
934,Bomet,Pyrethrum,2020,Short Rains (Oct-Dec),60.8,0.44,26.8,250.2,6705360.0,37.2,119
935,Bomet,Pyrethrum,2021,Long Rains (Mar-Jun),288.5,0.48,138.5,252.6,34985100.0,40.8,323
936,Bomet,Pyrethrum,2021,Short Rains (Oct-Dec),373.1,0.44,164.2,218.1,35812020.0,72.7,566
937,Bomet,Pyrethrum,2022,Long Rains (Mar-Jun),463.6,0.35,162.3,270.2,43853460.0,53.3,683
938,Bomet,Pyrethrum,2022,Short Rains (Oct-Dec),174.0,0.43,74.8,229.2,17144160.0,46.8,146
939,Bomet,Pyrethrum,2023,Long Rains (Mar-Jun),315.8,0.63,199.0,266.8,53093200.0,38.0,724
940,Bomet,Pyrethrum,2023,Short Rains (Oct-Dec),412.7,0.46,189.8,262.3,49784540.0,71.7,381
941,Bomet,Sunflower,2019,Long Rains (Mar-Jun),170.4,0.99,168.7,59.1,9970170.0,81.0,155
942,Bomet,Sunflower,2019,Short Rains (Oct-Dec),991.4,0.97,961.7,55.8,53662860.0,36.1,1304
943,Bomet,Sunflower,2020,Long Rains (Mar-Jun),66.4,0.93,61.8,55.9,3454620.0,41.2,81
944,Bomet,Sunflower,2020,Short Rains (Oct-Dec),340.0,1.05,357.0,58.5,20884500.0,37.8,354
945,Bomet,Sunflower,2021,Long Rains (Mar-Jun),61.3,1.2,73.6,59.9,4408640.0,32.4,114
946,Bomet,Sunflower,2021,Short Rains (Oct-Dec),369.5,1.3,480.4,59.2,28439680.0,32.9,399
947,Bomet,Sunflower,2022,Long Rains (Mar-Jun),49.7,0.95,47.2,57.9,2732880.0,76.9,53
948,Bomet,Sunflower,2022,Short Rains (Oct-Dec),1042.6,0.8,834.1,66.8,55717880.0,65.7,1782
949,Bomet,Sunflower,2023,Long Rains (Mar-Jun),481.6,1.5,722.4,57.7,41682480.0,47.4,440
950,Bomet,Sunflower,2023,Short Rains (Oct-Dec),656.6,1.1,722.3,64.0,46227200.0,55.2,575
